timestamp,topic,data
1728295842.8732636,/roll_angle_topic,140.61233520507812
1728295842.8748267,/yaw_angle_topic,264.59063720703125
1728295842.8762224,/pitch_angle_topic,3.5157246589660645
1728295842.8863697,/roll_angle_topic,139.3952178955078
1728295842.88796,/yaw_angle_topic,264.40155029296875
1728295842.8893168,/pitch_angle_topic,5.175546169281006
1728295842.8990684,/roll_angle_topic,138.0301055908203
1728295842.9006212,/yaw_angle_topic,264.52044677734375
1728295842.9022307,/pitch_angle_topic,6.57852840423584
1728295842.912053,/roll_angle_topic,135.0059051513672
1728295842.913644,/yaw_angle_topic,265.328369140625
1728295842.915007,/pitch_angle_topic,8.162333488464355
1728295842.925018,/roll_angle_topic,132.0214385986328
1728295842.9267576,/yaw_angle_topic,265.8080139160156
1728295842.9280815,/pitch_angle_topic,9.69036865234375
1728295842.9381921,/roll_angle_topic,129.0972900390625
1728295842.9398556,/yaw_angle_topic,266.23284912109375
1728295842.9408293,/motor_positions,"280,331,262"
1728295842.9412963,/pitch_angle_topic,11.320220947265625
1728295842.9516644,/roll_angle_topic,126.309326171875
1728295842.9534414,/yaw_angle_topic,266.739501953125
1728295842.9550836,/pitch_angle_topic,12.964561462402344
1728295842.964217,/roll_angle_topic,123.61787414550781
1728295842.9655726,/yaw_angle_topic,267.4085388183594
1728295842.9669843,/pitch_angle_topic,14.656947135925293
1728295842.9771771,/roll_angle_topic,121.08711242675781
1728295842.9785697,/yaw_angle_topic,268.18939208984375
1728295842.9802365,/pitch_angle_topic,16.040327072143555
1728295842.990277,/roll_angle_topic,120.01708984375
1728295842.991733,/yaw_angle_topic,268.4383544921875
1728295842.993119,/pitch_angle_topic,17.518545150756836
1728295843.0046277,/roll_angle_topic,117.51177978515625
1728295843.0062635,/yaw_angle_topic,269.1478271484375
1728295843.007631,/pitch_angle_topic,19.11795425415039
1728295843.016304,/roll_angle_topic,115.05809020996094
1728295843.0177698,/yaw_angle_topic,269.767333984375
1728295843.0195577,/pitch_angle_topic,20.681119918823242
1728295843.0296125,/roll_angle_topic,112.58909606933594
1728295843.0311055,/yaw_angle_topic,270.0918273925781
1728295843.0327377,/pitch_angle_topic,22.3038272857666
1728295843.0428782,/roll_angle_topic,110.09902954101562
1728295843.043822,/motor_positions,"279,285,264"
1728295843.0445251,/yaw_angle_topic,270.0999755859375
1728295843.0459468,/pitch_angle_topic,24.29480743408203
1728295843.0561385,/roll_angle_topic,108.09017944335938
1728295843.057614,/yaw_angle_topic,270.64813232421875
1728295843.0589583,/pitch_angle_topic,25.947683334350586
1728295843.070194,/roll_angle_topic,106.96852111816406
1728295843.0718753,/yaw_angle_topic,271.52667236328125
1728295843.0734508,/pitch_angle_topic,27.478893280029297
1728295843.0821524,/roll_angle_topic,105.82080078125
1728295843.083744,/yaw_angle_topic,272.192138671875
1728295843.0851998,/pitch_angle_topic,28.79573631286621
1728295843.0951853,/roll_angle_topic,103.91375732421875
1728295843.096793,/yaw_angle_topic,273.08868408203125
1728295843.0980124,/pitch_angle_topic,29.938932418823242
1728295843.1090107,/roll_angle_topic,101.77700805664062
1728295843.1104474,/yaw_angle_topic,273.5799560546875
1728295843.1118476,/pitch_angle_topic,31.31533432006836
1728295843.121776,/roll_angle_topic,99.61065673828125
1728295843.1232984,/yaw_angle_topic,273.8465576171875
1728295843.1247303,/pitch_angle_topic,32.98368835449219
1728295843.1358633,/roll_angle_topic,97.6483154296875
1728295843.1374032,/yaw_angle_topic,274.10382080078125
1728295843.138919,/pitch_angle_topic,34.83583068847656
1728295843.141708,/motor_positions,"279,241,267"
1728295843.1476839,/roll_angle_topic,95.82302856445312
1728295843.1495254,/yaw_angle_topic,274.5598449707031
1728295843.1509433,/pitch_angle_topic,36.7197265625
1728295843.16094,/roll_angle_topic,94.10586547851562
1728295843.16267,/yaw_angle_topic,275.1542663574219
1728295843.164119,/pitch_angle_topic,38.393836975097656
1728295843.174004,/roll_angle_topic,92.6656494140625
1728295843.17551,/yaw_angle_topic,276.14080810546875
1728295843.1768415,/pitch_angle_topic,39.83956527709961
1728295843.1878417,/roll_angle_topic,91.27713012695312
1728295843.1896138,/yaw_angle_topic,277.2421875
1728295843.190879,/pitch_angle_topic,40.964500427246094
1728295843.2002656,/roll_angle_topic,90.84088134765625
1728295843.2018695,/yaw_angle_topic,277.69244384765625
1728295843.2039099,/pitch_angle_topic,42.36769485473633
1728295843.2134569,/roll_angle_topic,88.958984375
1728295843.21483,/yaw_angle_topic,277.71148681640625
1728295843.2161794,/pitch_angle_topic,44.30815887451172
1728295843.2275324,/roll_angle_topic,87.10537719726562
1728295843.2289815,/yaw_angle_topic,277.70294189453125
1728295843.2304103,/pitch_angle_topic,46.72317123413086
1728295843.2402754,/roll_angle_topic,85.54794311523438
1728295843.2415285,/motor_positions,"279,197,271"
1728295843.2421954,/yaw_angle_topic,278.18414306640625
1728295843.2440925,/pitch_angle_topic,49.23503875732422
1728295843.2530048,/roll_angle_topic,83.7421875
1728295843.2545989,/yaw_angle_topic,279.336181640625
1728295843.2559898,/pitch_angle_topic,51.6254997253418
1728295843.2669103,/roll_angle_topic,82.19876098632812
1728295843.2688162,/yaw_angle_topic,280.52685546875
1728295843.270584,/pitch_angle_topic,53.456207275390625
1728295843.2793128,/roll_angle_topic,80.73458862304688
1728295843.2807257,/yaw_angle_topic,281.7275390625
1728295843.2820768,/pitch_angle_topic,55.032073974609375
1728295843.29309,/roll_angle_topic,79.32666015625
1728295843.2944906,/yaw_angle_topic,282.52911376953125
1728295843.2957447,/pitch_angle_topic,56.59572982788086
1728295843.305543,/roll_angle_topic,77.75146484375
1728295843.3069038,/yaw_angle_topic,283.3155212402344
1728295843.3082037,/pitch_angle_topic,58.70127487182617
1728295843.3193285,/roll_angle_topic,76.18606567382812
1728295843.3209183,/yaw_angle_topic,283.9207763671875
1728295843.3226457,/pitch_angle_topic,60.92039489746094
1728295843.3326209,/roll_angle_topic,74.50201416015625
1728295843.3338642,/yaw_angle_topic,284.69805908203125
1728295843.3361208,/pitch_angle_topic,63.264156341552734
1728295843.3416111,/motor_positions,"280,152,276"
1728295843.3463476,/roll_angle_topic,72.78411865234375
1728295843.3477383,/yaw_angle_topic,285.7411193847656
1728295843.3490977,/pitch_angle_topic,65.740966796875
1728295843.3581624,/roll_angle_topic,70.96328735351562
1728295843.3596385,/yaw_angle_topic,286.998291015625
1728295843.3609705,/pitch_angle_topic,67.81341552734375
1728295843.3714368,/roll_angle_topic,69.17095947265625
1728295843.3729906,/yaw_angle_topic,288.0412902832031
1728295843.3745015,/pitch_angle_topic,69.70207977294922
1728295843.3841283,/roll_angle_topic,67.24212646484375
1728295843.3858705,/yaw_angle_topic,289.0780334472656
1728295843.387887,/pitch_angle_topic,71.5234603881836
1728295843.3975434,/roll_angle_topic,65.17529296875
1728295843.398935,/yaw_angle_topic,290.1075439453125
1728295843.400344,/pitch_angle_topic,73.47087097167969
1728295843.4112823,/roll_angle_topic,62.95703125
1728295843.412627,/yaw_angle_topic,291.3043518066406
1728295843.4140508,/pitch_angle_topic,75.37183380126953
1728295843.4240873,/roll_angle_topic,60.75830078125
1728295843.4255047,/yaw_angle_topic,292.51947021484375
1728295843.4270234,/pitch_angle_topic,77.3425064086914
1728295843.437126,/roll_angle_topic,58.580963134765625
1728295843.4386852,/yaw_angle_topic,293.8797607421875
1728295843.4402163,/pitch_angle_topic,79.11029815673828
1728295843.440689,/motor_positions,"280,108,281"
1728295843.4509265,/roll_angle_topic,56.47515869140625
1728295843.4524796,/yaw_angle_topic,295.24005126953125
1728295843.4539268,/pitch_angle_topic,80.84156799316406
1728295843.4640768,/roll_angle_topic,54.445556640625
1728295843.4655466,/yaw_angle_topic,296.5261535644531
1728295843.4669347,/pitch_angle_topic,82.54922485351562
1728295843.4769924,/roll_angle_topic,52.33819580078125
1728295843.4783778,/yaw_angle_topic,297.7054443359375
1728295843.479872,/pitch_angle_topic,84.75822448730469
1728295843.4898188,/roll_angle_topic,50.18365478515625
1728295843.491041,/yaw_angle_topic,299.1304931640625
1728295843.492509,/pitch_angle_topic,86.77490234375
1728295843.5035331,/roll_angle_topic,47.9603271484375
1728295843.505414,/yaw_angle_topic,300.7916564941406
1728295843.5067048,/pitch_angle_topic,88.65998840332031
1728295843.5161738,/roll_angle_topic,45.492156982421875
1728295843.5175962,/yaw_angle_topic,302.6663513183594
1728295843.519613,/pitch_angle_topic,90.36412811279297
1728295843.5294297,/roll_angle_topic,43.315155029296875
1728295843.53075,/yaw_angle_topic,304.3235778808594
1728295843.5322952,/pitch_angle_topic,91.71013641357422
1728295843.5415673,/motor_positions,"279,79,289"
1728295843.5423172,/roll_angle_topic,40.8935546875
1728295843.5437307,/yaw_angle_topic,305.9073791503906
1728295843.5456212,/pitch_angle_topic,93.2742919921875
1728295843.5549662,/roll_angle_topic,38.27001953125
1728295843.5569468,/yaw_angle_topic,307.4093933105469
1728295843.5582342,/pitch_angle_topic,95.06671142578125
1728295843.5691724,/roll_angle_topic,35.70196533203125
1728295843.5708263,/yaw_angle_topic,308.9721374511719
1728295843.572298,/pitch_angle_topic,96.80393981933594
1728295843.5820808,/roll_angle_topic,33.18121337890625
1728295843.583563,/yaw_angle_topic,310.72100830078125
1728295843.5850399,/pitch_angle_topic,98.44033813476562
1728295843.5950022,/roll_angle_topic,30.589080810546875
1728295843.5964065,/yaw_angle_topic,312.83599853515625
1728295843.5977154,/pitch_angle_topic,100.09938049316406
1728295843.6081991,/roll_angle_topic,28.24139404296875
1728295843.6096904,/yaw_angle_topic,315.0308837890625
1728295843.611124,/pitch_angle_topic,101.60260772705078
1728295843.6210992,/roll_angle_topic,26.30450439453125
1728295843.6226273,/yaw_angle_topic,316.48291015625
1728295843.6242154,/pitch_angle_topic,103.40021514892578
1728295843.6337168,/roll_angle_topic,24.3043212890625
1728295843.635494,/yaw_angle_topic,318.0805969238281
1728295843.6370747,/pitch_angle_topic,105.75330352783203
1728295843.641623,/motor_positions,"279,90,299"
1728295843.6468785,/roll_angle_topic,22.138092041015625
1728295843.648285,/yaw_angle_topic,319.7816467285156
1728295843.6497622,/pitch_angle_topic,108.32694244384766
1728295843.6602013,/roll_angle_topic,19.90740966796875
1728295843.6616566,/yaw_angle_topic,321.6625671386719
1728295843.6630533,/pitch_angle_topic,110.74215698242188
1728295843.6735837,/roll_angle_topic,17.63116455078125
1728295843.6748757,/yaw_angle_topic,323.74273681640625
1728295843.6763804,/pitch_angle_topic,112.82453155517578
1728295843.687731,/roll_angle_topic,15.5028076171875
1728295843.6892781,/yaw_angle_topic,325.20184326171875
1728295843.690716,/pitch_angle_topic,115.14681243896484
1728295843.700253,/roll_angle_topic,13.54876708984375
1728295843.7024417,/yaw_angle_topic,326.6794128417969
1728295843.7040985,/pitch_angle_topic,117.30240631103516
1728295843.7125852,/roll_angle_topic,11.407318115234375
1728295843.7140136,/yaw_angle_topic,328.2414245605469
1728295843.7155228,/pitch_angle_topic,119.51001739501953
1728295843.7267811,/roll_angle_topic,8.869140625
1728295843.728135,/yaw_angle_topic,329.9268798828125
1728295843.7295759,/pitch_angle_topic,121.59012603759766
1728295843.7396157,/roll_angle_topic,6.27960205078125
1728295843.7406607,/motor_positions,"279,105,310"
1728295843.7412875,/yaw_angle_topic,331.3730773925781
1728295843.7426958,/pitch_angle_topic,123.19239044189453
1728295843.7527354,/roll_angle_topic,3.7452392578125
1728295843.754541,/yaw_angle_topic,332.6861877441406
1728295843.756255,/pitch_angle_topic,124.83673095703125
1728295843.7658103,/roll_angle_topic,1.04644775390625
1728295843.7675145,/yaw_angle_topic,333.5458679199219
1728295843.769429,/pitch_angle_topic,127.06432342529297
1728295843.7794752,/roll_angle_topic,358.54693603515625
1728295843.7811334,/yaw_angle_topic,334.4088439941406
1728295843.7826712,/pitch_angle_topic,129.0885467529297
1728295843.792788,/roll_angle_topic,356.1129150390625
1728295843.7942374,/yaw_angle_topic,335.2962951660156
1728295843.7956016,/pitch_angle_topic,130.73983764648438
1728295843.8055897,/roll_angle_topic,353.8874206542969
1728295843.8069968,/yaw_angle_topic,336.1004943847656
1728295843.8084784,/pitch_angle_topic,131.99111938476562
1728295843.8181689,/roll_angle_topic,351.52911376953125
1728295843.8205073,/yaw_angle_topic,336.6535339355469
1728295843.8223314,/pitch_angle_topic,133.2220458984375
1728295843.831963,/roll_angle_topic,349.43701171875
1728295843.8332458,/yaw_angle_topic,337.07647705078125
1728295843.8350825,/pitch_angle_topic,134.20726013183594
1728295843.841756,/motor_positions,"279,120,324"
1728295843.8447156,/roll_angle_topic,347.43243408203125
1728295843.846081,/yaw_angle_topic,337.5792541503906
1728295843.8473673,/pitch_angle_topic,135.02476501464844
1728295843.8584938,/roll_angle_topic,345.3829650878906
1728295843.8600872,/yaw_angle_topic,337.6203308105469
1728295843.8615603,/pitch_angle_topic,135.97183227539062
1728295843.8717835,/roll_angle_topic,343.58258056640625
1728295843.873576,/yaw_angle_topic,337.4037170410156
1728295843.8752248,/pitch_angle_topic,136.92906188964844
1728295843.8841994,/roll_angle_topic,341.9098205566406
1728295843.8862138,/yaw_angle_topic,336.9036560058594
1728295843.888043,/pitch_angle_topic,138.16891479492188
1728295843.8981395,/roll_angle_topic,340.44781494140625
1728295843.8997898,/yaw_angle_topic,336.683349609375
1728295843.9011755,/pitch_angle_topic,139.63558959960938
1728295843.910406,/roll_angle_topic,338.8914794921875
1728295843.9119642,/yaw_angle_topic,336.8537902832031
1728295843.9133584,/pitch_angle_topic,140.67454528808594
1728295843.9235718,/roll_angle_topic,337.4283447265625
1728295843.9253273,/yaw_angle_topic,337.1817321777344
1728295843.9266894,/pitch_angle_topic,141.3828887939453
1728295843.937111,/roll_angle_topic,336.0244445800781
1728295843.9389873,/yaw_angle_topic,337.38323974609375
1728295843.9408312,/pitch_angle_topic,141.92514038085938
1728295843.941643,/motor_positions,"279,132,333"
1728295843.9500358,/roll_angle_topic,334.70269775390625
1728295843.951539,/yaw_angle_topic,337.6459045410156
1728295843.9530833,/pitch_angle_topic,142.5288848876953
1728295843.9631426,/roll_angle_topic,333.50750732421875
1728295843.9650705,/yaw_angle_topic,337.649169921875
1728295843.966704,/pitch_angle_topic,143.3477783203125
1728295843.9768364,/roll_angle_topic,332.4761962890625
1728295843.978646,/yaw_angle_topic,337.8429870605469
1728295843.9799752,/pitch_angle_topic,144.2158966064453
1728295843.989955,/roll_angle_topic,331.28155517578125
1728295843.9916122,/yaw_angle_topic,337.94281005859375
1728295843.992842,/pitch_angle_topic,145.31430053710938
1728295844.0029705,/roll_angle_topic,330.142578125
1728295844.0046372,/yaw_angle_topic,338.1488037109375
1728295844.006681,/pitch_angle_topic,146.3778076171875
1728295844.0159054,/roll_angle_topic,329.1243896484375
1728295844.0177276,/yaw_angle_topic,338.43304443359375
1728295844.0193202,/pitch_angle_topic,147.53628540039062
1728295844.0289948,/roll_angle_topic,328.0852966308594
1728295844.0304005,/yaw_angle_topic,338.4606018066406
1728295844.0319161,/pitch_angle_topic,148.72210693359375
1728295844.0415661,/motor_positions,"279,140,336"
1728295844.0420241,/roll_angle_topic,327.28778076171875
1728295844.04374,/yaw_angle_topic,338.34228515625
1728295844.045291,/pitch_angle_topic,149.66761779785156
1728295844.0561628,/roll_angle_topic,326.7687072753906
1728295844.0575612,/yaw_angle_topic,338.1912841796875
1728295844.058988,/pitch_angle_topic,150.34738159179688
1728295844.0693517,/roll_angle_topic,326.6703186035156
1728295844.0708942,/yaw_angle_topic,338.2383728027344
1728295844.0725045,/pitch_angle_topic,150.65493774414062
1728295844.0821993,/roll_angle_topic,326.87548828125
1728295844.0837686,/yaw_angle_topic,338.9884948730469
1728295844.0851102,/pitch_angle_topic,150.35165405273438
1728295844.095023,/roll_angle_topic,327.1374816894531
1728295844.096493,/yaw_angle_topic,340.293701171875
1728295844.0981085,/pitch_angle_topic,149.4039306640625
1728295844.1078813,/roll_angle_topic,327.45013427734375
1728295844.109437,/yaw_angle_topic,341.8335876464844
1728295844.11089,/pitch_angle_topic,147.8115692138672
1728295844.1219347,/roll_angle_topic,327.89874267578125
1728295844.123481,/yaw_angle_topic,343.2435302734375
1728295844.1248043,/pitch_angle_topic,145.8915252685547
1728295844.1344,/roll_angle_topic,328.20001220703125
1728295844.1363242,/yaw_angle_topic,344.19842529296875
1728295844.1380022,/pitch_angle_topic,144.10842895507812
1728295844.141509,/motor_positions,"279,147,337"
1728295844.1476443,/roll_angle_topic,328.4904479980469
1728295844.1490746,/yaw_angle_topic,345.0951843261719
1728295844.1507475,/pitch_angle_topic,142.52420043945312
1728295844.160912,/roll_angle_topic,329.0714111328125
1728295844.162687,/yaw_angle_topic,346.47344970703125
1728295844.1644957,/pitch_angle_topic,140.48809814453125
1728295844.174371,/roll_angle_topic,329.7183837890625
1728295844.1756408,/yaw_angle_topic,348.3799743652344
1728295844.1770184,/pitch_angle_topic,137.70370483398438
1728295844.1870594,/roll_angle_topic,330.46478271484375
1728295844.188669,/yaw_angle_topic,350.597900390625
1728295844.191959,/pitch_angle_topic,133.92198181152344
1728295844.2007427,/roll_angle_topic,331.12921142578125
1728295844.202351,/yaw_angle_topic,352.3349914550781
1728295844.203879,/pitch_angle_topic,129.90322875976562
1728295844.2135487,/roll_angle_topic,331.5752868652344
1728295844.214951,/yaw_angle_topic,352.7450256347656
1728295844.2165391,/pitch_angle_topic,127.10474395751953
1728295844.2275991,/roll_angle_topic,332.0977783203125
1728295844.2291265,/yaw_angle_topic,353.4114685058594
1728295844.2305777,/pitch_angle_topic,124.85297393798828
1728295844.2405827,/roll_angle_topic,332.43756103515625
1728295844.2406375,/motor_positions,"279,142,340"
1728295844.2421987,/yaw_angle_topic,354.1212463378906
1728295844.243887,/pitch_angle_topic,123.01522064208984
1728295844.2531297,/roll_angle_topic,332.71551513671875
1728295844.2547824,/yaw_angle_topic,355.12835693359375
1728295844.2560709,/pitch_angle_topic,121.54937744140625
1728295844.266219,/roll_angle_topic,333.1466064453125
1728295844.2675905,/yaw_angle_topic,356.58135986328125
1728295844.2694383,/pitch_angle_topic,119.51104736328125
1728295844.280545,/roll_angle_topic,333.9967956542969
1728295844.2821906,/yaw_angle_topic,358.49151611328125
1728295844.283489,/pitch_angle_topic,116.3831558227539
1728295844.2935455,/roll_angle_topic,334.9700012207031
1728295844.2950299,/yaw_angle_topic,0.4540081024169922
1728295844.2964652,/pitch_angle_topic,112.75267028808594
1728295844.3065012,/roll_angle_topic,335.94049072265625
1728295844.3079796,/yaw_angle_topic,2.0763015747070312
1728295844.3092918,/pitch_angle_topic,108.82487487792969
1728295844.3194878,/roll_angle_topic,337.2830505371094
1728295844.3212996,/yaw_angle_topic,3.187732696533203
1728295844.3227699,/pitch_angle_topic,105.17845153808594
1728295844.3323572,/roll_angle_topic,338.6817626953125
1728295844.3342178,/yaw_angle_topic,3.9302291870117188
1728295844.3359532,/pitch_angle_topic,102.40021514892578
1728295844.3405747,/motor_positions,"280,128,348"
1728295844.3458996,/roll_angle_topic,339.8216552734375
1728295844.347567,/yaw_angle_topic,4.617153167724609
1728295844.3489766,/pitch_angle_topic,100.30762481689453
1728295844.359123,/roll_angle_topic,340.75640869140625
1728295844.3607213,/yaw_angle_topic,5.76593017578125
1728295844.362207,/pitch_angle_topic,97.71416473388672
1728295844.3720407,/roll_angle_topic,342.01226806640625
1728295844.3735337,/yaw_angle_topic,7.247402191162109
1728295844.375041,/pitch_angle_topic,94.19320678710938
1728295844.38471,/roll_angle_topic,343.33050537109375
1728295844.3863883,/yaw_angle_topic,8.778446197509766
1728295844.3882759,/pitch_angle_topic,90.36246490478516
1728295844.3976111,/roll_angle_topic,344.85369873046875
1728295844.398948,/yaw_angle_topic,10.243701934814453
1728295844.4004993,/pitch_angle_topic,86.28303527832031
1728295844.4112542,/roll_angle_topic,346.627685546875
1728295844.4125965,/yaw_angle_topic,11.215904235839844
1728295844.413953,/pitch_angle_topic,82.11273193359375
1728295844.4250007,/roll_angle_topic,348.54058837890625
1728295844.4263108,/yaw_angle_topic,11.06509017944336
1728295844.4279468,/pitch_angle_topic,79.20121002197266
1728295844.438225,/roll_angle_topic,350.2874755859375
1728295844.439735,/yaw_angle_topic,10.80533218383789
1728295844.441107,/pitch_angle_topic,76.76573181152344
1728295844.4416034,/motor_positions,"280,107,350"
1728295844.4502146,/roll_angle_topic,351.7950744628906
1728295844.4515572,/yaw_angle_topic,10.6888427734375
1728295844.4531486,/pitch_angle_topic,74.58642578125
1728295844.463216,/roll_angle_topic,352.8121337890625
1728295844.4646554,/yaw_angle_topic,11.026905059814453
1728295844.4662516,/pitch_angle_topic,72.66618347167969
1728295844.476507,/roll_angle_topic,353.84808349609375
1728295844.4779382,/yaw_angle_topic,11.733352661132812
1728295844.4794583,/pitch_angle_topic,70.2602767944336
1728295844.4904573,/roll_angle_topic,355.3043212890625
1728295844.4918993,/yaw_angle_topic,12.353996276855469
1728295844.4935029,/pitch_angle_topic,67.38887786865234
1728295844.50318,/roll_angle_topic,356.62744140625
1728295844.5049677,/yaw_angle_topic,12.549320220947266
1728295844.5064151,/pitch_angle_topic,64.9921646118164
1728295844.5159538,/roll_angle_topic,358.2218933105469
1728295844.5175557,/yaw_angle_topic,12.264934539794922
1728295844.5192225,/pitch_angle_topic,62.79029083251953
1728295844.5291586,/roll_angle_topic,359.716552734375
1728295844.5306656,/yaw_angle_topic,11.499801635742188
1728295844.531968,/pitch_angle_topic,61.225914001464844
1728295844.5414803,/motor_positions,"280,84,306"
1728295844.5430512,/roll_angle_topic,1.0859375
1728295844.5444298,/yaw_angle_topic,10.565818786621094
1728295844.5458581,/pitch_angle_topic,60.21747589111328
1728295844.556206,/roll_angle_topic,1.9385986328125
1728295844.5579016,/yaw_angle_topic,10.1806640625
1728295844.5596297,/pitch_angle_topic,59.28860855102539
1728295844.5686095,/roll_angle_topic,2.6898193359375
1728295844.5704734,/yaw_angle_topic,10.292373657226562
1728295844.5720015,/pitch_angle_topic,57.90106964111328
1728295844.5816753,/roll_angle_topic,3.44122314453125
1728295844.5829647,/yaw_angle_topic,10.791645050048828
1728295844.584505,/pitch_angle_topic,55.62119674682617
1728295844.5945132,/roll_angle_topic,4.47216796875
1728295844.5959027,/yaw_angle_topic,11.170158386230469
1728295844.5971646,/pitch_angle_topic,52.78480529785156
1728295844.6083906,/roll_angle_topic,5.710205078125
1728295844.6097076,/yaw_angle_topic,11.152996063232422
1728295844.611102,/pitch_angle_topic,49.916259765625
1728295844.6210663,/roll_angle_topic,7.029815673828125
1728295844.622465,/yaw_angle_topic,10.452106475830078
1728295844.6239946,/pitch_angle_topic,47.201316833496094
1728295844.6349657,/roll_angle_topic,8.728424072265625
1728295844.6367276,/yaw_angle_topic,9.105632781982422
1728295844.6384122,/pitch_angle_topic,45.31878662109375
1728295844.6414483,/motor_positions,"279,63,262"
1728295844.6472356,/roll_angle_topic,10.091644287109375
1728295844.6491566,/yaw_angle_topic,8.03896713256836
1728295844.650469,/pitch_angle_topic,43.941768646240234
1728295844.6604495,/roll_angle_topic,10.8828125
1728295844.6618228,/yaw_angle_topic,7.698448181152344
1728295844.6631365,/pitch_angle_topic,42.51473617553711
1728295844.6743531,/roll_angle_topic,11.779296875
1728295844.6760876,/yaw_angle_topic,7.545249938964844
1728295844.6774862,/pitch_angle_topic,40.665550231933594
1728295844.687566,/roll_angle_topic,12.809417724609375
1728295844.688928,/yaw_angle_topic,7.228397369384766
1728295844.6905575,/pitch_angle_topic,38.581172943115234
1728295844.7002752,/roll_angle_topic,13.79864501953125
1728295844.7017372,/yaw_angle_topic,6.611640930175781
1728295844.703419,/pitch_angle_topic,36.40351486206055
1728295844.7132895,/roll_angle_topic,14.669342041015625
1728295844.714696,/yaw_angle_topic,5.672687530517578
1728295844.7160902,/pitch_angle_topic,34.16521453857422
1728295844.727275,/roll_angle_topic,16.2398681640625
1728295844.7285836,/yaw_angle_topic,4.471752166748047
1728295844.7300575,/pitch_angle_topic,32.36822509765625
1728295844.7398474,/roll_angle_topic,17.5640869140625
1728295844.7404675,/motor_positions,"279,47,218"
1728295844.7412195,/yaw_angle_topic,3.476551055908203
1728295844.7427227,/pitch_angle_topic,30.9531307220459
1728295844.753592,/roll_angle_topic,18.663848876953125
1728295844.7550843,/yaw_angle_topic,2.574199676513672
1728295844.7566593,/pitch_angle_topic,29.06066131591797
1728295844.7664077,/roll_angle_topic,19.92431640625
1728295844.7682872,/yaw_angle_topic,1.4901504516601562
1728295844.7698336,/pitch_angle_topic,27.18666648864746
1728295844.7786012,/roll_angle_topic,20.72198486328125
1728295844.7801836,/yaw_angle_topic,1.4145336151123047
1728295844.7815554,/pitch_angle_topic,24.91790771484375
1728295844.7926214,/roll_angle_topic,22.1378173828125
1728295844.793895,/yaw_angle_topic,0.1276874542236328
1728295844.795664,/pitch_angle_topic,22.058048248291016
1728295844.8056595,/roll_angle_topic,23.861663818359375
1728295844.8070672,/yaw_angle_topic,358.4976501464844
1728295844.808716,/pitch_angle_topic,19.584861755371094
1728295844.8183188,/roll_angle_topic,25.623077392578125
1728295844.8202825,/yaw_angle_topic,356.80535888671875
1728295844.8219213,/pitch_angle_topic,17.708454132080078
1728295844.831386,/roll_angle_topic,27.399810791015625
1728295844.8327892,/yaw_angle_topic,355.2839050292969
1728295844.8342142,/pitch_angle_topic,16.025876998901367
1728295844.8405855,/motor_positions,"279,32,173"
1728295844.8442307,/roll_angle_topic,28.708221435546875
1728295844.8460681,/yaw_angle_topic,354.1305847167969
1728295844.8478274,/pitch_angle_topic,14.50516414642334
1728295844.8580396,/roll_angle_topic,29.88201904296875
1728295844.8600597,/yaw_angle_topic,353.15576171875
1728295844.8616252,/pitch_angle_topic,12.898908615112305
1728295844.870488,/roll_angle_topic,30.84210205078125
1728295844.8718126,/yaw_angle_topic,352.30364990234375
1728295844.873343,/pitch_angle_topic,10.605936050415039
1728295844.883788,/roll_angle_topic,32.44061279296875
1728295844.885386,/yaw_angle_topic,350.8004150390625
1728295844.886831,/pitch_angle_topic,7.815542697906494
1728295844.8973618,/roll_angle_topic,33.942657470703125
1728295844.8986835,/yaw_angle_topic,349.2020263671875
1728295844.8999586,/pitch_angle_topic,5.500174045562744
1728295844.9107969,/roll_angle_topic,35.6708984375
1728295844.9120886,/yaw_angle_topic,347.39569091796875
1728295844.9137197,/pitch_angle_topic,3.248483896255493
1728295844.9233143,/roll_angle_topic,37.45849609375
1728295844.9246275,/yaw_angle_topic,345.5573425292969
1728295844.9258778,/pitch_angle_topic,1.3728997707366943
1728295844.9367712,/roll_angle_topic,39.02166748046875
1728295844.9383307,/yaw_angle_topic,344.0154113769531
1728295844.9400856,/pitch_angle_topic,0.28962182998657227
1728295844.941651,/motor_positions,"279,17,137"
1728295844.9501114,/roll_angle_topic,40.40179443359375
1728295844.952108,/yaw_angle_topic,342.640380859375
1728295844.954018,/pitch_angle_topic,359.59454345703125
1728295844.9629722,/roll_angle_topic,41.53985595703125
1728295844.964377,/yaw_angle_topic,341.410400390625
1728295844.9657423,/pitch_angle_topic,358.9415588378906
1728295844.97578,/roll_angle_topic,42.702423095703125
1728295844.9771264,/yaw_angle_topic,340.1160583496094
1728295844.9785004,/pitch_angle_topic,358.3846130371094
1728295844.9893315,/roll_angle_topic,43.73858642578125
1728295844.9908428,/yaw_angle_topic,338.85711669921875
1728295844.9921606,/pitch_angle_topic,357.49761962890625
1728295845.0019398,/roll_angle_topic,45.0296630859375
1728295845.0036085,/yaw_angle_topic,337.3172912597656
1728295845.005231,/pitch_angle_topic,356.3164978027344
1728295845.0159879,/roll_angle_topic,46.397003173828125
1728295845.0174263,/yaw_angle_topic,335.77728271484375
1728295845.0189788,/pitch_angle_topic,355.35784912109375
1728295845.0286877,/roll_angle_topic,47.689910888671875
1728295845.0300431,/yaw_angle_topic,334.3460693359375
1728295845.0318274,/pitch_angle_topic,354.6429443359375
1728295845.0406702,/motor_positions,"279,24,181"
1728295845.0416782,/roll_angle_topic,48.9344482421875
1728295845.0430474,/yaw_angle_topic,333.06451416015625
1728295845.0446062,/pitch_angle_topic,354.3668518066406
1728295845.054854,/roll_angle_topic,50.144683837890625
1728295845.056148,/yaw_angle_topic,332.0097351074219
1728295845.0581987,/pitch_angle_topic,354.6970520019531
1728295845.0676067,/roll_angle_topic,51.30438232421875
1728295845.0692077,/yaw_angle_topic,331.0861511230469
1728295845.0710158,/pitch_angle_topic,355.5597839355469
1728295845.0816278,/roll_angle_topic,52.462646484375
1728295845.0831397,/yaw_angle_topic,330.527099609375
1728295845.0845652,/pitch_angle_topic,357.3958435058594
1728295845.094509,/roll_angle_topic,53.5274658203125
1728295845.095909,/yaw_angle_topic,330.4386291503906
1728295845.097365,/pitch_angle_topic,0.3907585144042969
1728295845.107371,/roll_angle_topic,54.313232421875
1728295845.1087644,/yaw_angle_topic,330.23956298828125
1728295845.1102552,/pitch_angle_topic,3.2656333446502686
1728295845.1206114,/roll_angle_topic,54.829010009765625
1728295845.1226597,/yaw_angle_topic,330.0076599121094
1728295845.1245127,/pitch_angle_topic,5.858675956726074
1728295845.133922,/roll_angle_topic,55.31304931640625
1728295845.1356754,/yaw_angle_topic,329.8836975097656
1728295845.137347,/pitch_angle_topic,8.442145347595215
1728295845.1415887,/motor_positions,"279,70,226"
1728295845.1464767,/roll_angle_topic,55.700042724609375
1728295845.1478803,/yaw_angle_topic,329.7726745605469
1728295845.1495314,/pitch_angle_topic,10.55926513671875
1728295845.159653,/roll_angle_topic,56.198638916015625
1728295845.1611094,/yaw_angle_topic,329.66387939453125
1728295845.1626327,/pitch_angle_topic,13.146552085876465
1728295845.1726632,/roll_angle_topic,56.713623046875
1728295845.1740625,/yaw_angle_topic,329.82275390625
1728295845.1755164,/pitch_angle_topic,16.89640235900879
1728295845.1868248,/roll_angle_topic,57.222198486328125
1728295845.1885164,/yaw_angle_topic,330.3005065917969
1728295845.1898706,/pitch_angle_topic,21.526376724243164
1728295845.1995237,/roll_angle_topic,56.9041748046875
1728295845.2008684,/yaw_angle_topic,331.87261962890625
1728295845.202962,/pitch_angle_topic,26.557662963867188
1728295845.2124965,/roll_angle_topic,56.88824462890625
1728295845.2138548,/yaw_angle_topic,333.4938659667969
1728295845.215271,/pitch_angle_topic,30.58844566345215
1728295845.2250342,/roll_angle_topic,55.822021484375
1728295845.2265952,/yaw_angle_topic,333.57025146484375
1728295845.2279124,/pitch_angle_topic,33.377777099609375
1728295845.239031,/roll_angle_topic,55.243408203125
1728295845.2405005,/yaw_angle_topic,333.8803405761719
1728295845.2419238,/pitch_angle_topic,35.078880310058594
1728295845.2426205,/motor_positions,"280,89,271"
1728295845.2526572,/roll_angle_topic,55.393310546875
1728295845.254261,/yaw_angle_topic,333.8968811035156
1728295845.25582,/pitch_angle_topic,36.29193878173828
1728295845.265067,/roll_angle_topic,56.25439453125
1728295845.266621,/yaw_angle_topic,333.61810302734375
1728295845.2681096,/pitch_angle_topic,37.44313430786133
1728295845.2780733,/roll_angle_topic,57.4295654296875
1728295845.2798476,/yaw_angle_topic,332.81121826171875
1728295845.2820666,/pitch_angle_topic,38.71672821044922
1728295845.291041,/roll_angle_topic,59.013763427734375
1728295845.2926762,/yaw_angle_topic,333.61798095703125
1728295845.294089,/pitch_angle_topic,40.170135498046875
1728295845.3044908,/roll_angle_topic,60.26385498046875
1728295845.306168,/yaw_angle_topic,334.207763671875
1728295845.3076618,/pitch_angle_topic,41.70710372924805
1728295845.317067,/roll_angle_topic,61.86126708984375
1728295845.3190114,/yaw_angle_topic,334.82562255859375
1728295845.3208086,/pitch_angle_topic,43.398284912109375
1728295845.3304803,/roll_angle_topic,63.865447998046875
1728295845.3319085,/yaw_angle_topic,335.0629577636719
1728295845.3332493,/pitch_angle_topic,44.64607620239258
1728295845.340545,/motor_positions,"280,45,314"
1728295845.3446531,/roll_angle_topic,66.09890747070312
1728295845.345954,/yaw_angle_topic,335.031494140625
1728295845.3476663,/pitch_angle_topic,45.35760498046875
1728295845.3567548,/roll_angle_topic,67.59597778320312
1728295845.35832,/yaw_angle_topic,335.56719970703125
1728295845.3596523,/pitch_angle_topic,45.59218978881836
1728295845.370016,/roll_angle_topic,69.78518676757812
1728295845.3715389,/yaw_angle_topic,335.5406494140625
1728295845.3734763,/pitch_angle_topic,45.657875061035156
1728295845.3834727,/roll_angle_topic,72.17214965820312
1728295845.3849983,/yaw_angle_topic,335.2144775390625
1728295845.3864698,/pitch_angle_topic,45.54317855834961
1728295845.3964527,/roll_angle_topic,75.45660400390625
1728295845.3978221,/yaw_angle_topic,335.47491455078125
1728295845.3996046,/pitch_angle_topic,45.509395599365234
1728295845.4099994,/roll_angle_topic,78.8544921875
1728295845.4115198,/yaw_angle_topic,335.9962463378906
1728295845.41301,/pitch_angle_topic,45.5262565612793
1728295845.4232526,/roll_angle_topic,82.05776977539062
1728295845.4246602,/yaw_angle_topic,336.618896484375
1728295845.4260304,/pitch_angle_topic,45.67926788330078
1728295845.435848,/roll_angle_topic,85.11300659179688
1728295845.4374697,/yaw_angle_topic,337.7110595703125
1728295845.4390879,/pitch_angle_topic,46.404048919677734
1728295845.4405994,/motor_positions,"279,42,333"
1728295845.448941,/roll_angle_topic,87.74334716796875
1728295845.4510207,/yaw_angle_topic,338.3204345703125
1728295845.4531116,/pitch_angle_topic,47.52263259887695
1728295845.461958,/roll_angle_topic,90.0458984375
1728295845.4633212,/yaw_angle_topic,339.2081298828125
1728295845.4648068,/pitch_angle_topic,48.57477569580078
1728295845.4748008,/roll_angle_topic,93.75946044921875
1728295845.476298,/yaw_angle_topic,340.3753356933594
1728295845.4775882,/pitch_angle_topic,49.018062591552734
1728295845.48872,/roll_angle_topic,97.77056884765625
1728295845.4901369,/yaw_angle_topic,340.27685546875
1728295845.4916217,/pitch_angle_topic,48.780677795410156
1728295845.5013928,/roll_angle_topic,101.6220703125
1728295845.5033817,/yaw_angle_topic,339.0679016113281
1728295845.5046554,/pitch_angle_topic,48.03718566894531
1728295845.5151823,/roll_angle_topic,104.97479248046875
1728295845.5165565,/yaw_angle_topic,338.0100402832031
1728295845.5179088,/pitch_angle_topic,47.17002868652344
1728295845.5276296,/roll_angle_topic,107.61383056640625
1728295845.528889,/yaw_angle_topic,338.0148620605469
1728295845.5304768,/pitch_angle_topic,46.7952995300293
1728295845.5404494,/roll_angle_topic,110.050048828125
1728295845.540609,/motor_positions,"279,47,336"
1728295845.5418818,/yaw_angle_topic,338.7803955078125
1728295845.5432618,/pitch_angle_topic,47.04655456542969
1728295845.5549002,/roll_angle_topic,111.76303100585938
1728295845.5563495,/yaw_angle_topic,340.0256042480469
1728295845.557623,/pitch_angle_topic,47.591217041015625
1728295845.567842,/roll_angle_topic,113.70016479492188
1728295845.5695722,/yaw_angle_topic,341.89556884765625
1728295845.5711627,/pitch_angle_topic,48.01077651977539
1728295845.5807557,/roll_angle_topic,116.04783630371094
1728295845.5821838,/yaw_angle_topic,342.585693359375
1728295845.5835552,/pitch_angle_topic,47.867469787597656
1728295845.5935874,/roll_angle_topic,118.68023681640625
1728295845.5951133,/yaw_angle_topic,342.0419006347656
1728295845.5964646,/pitch_angle_topic,47.400848388671875
1728295845.6067047,/roll_angle_topic,121.28854370117188
1728295845.6082034,/yaw_angle_topic,341.3148193359375
1728295845.6095567,/pitch_angle_topic,46.935951232910156
1728295845.619559,/roll_angle_topic,123.45323181152344
1728295845.6215124,/yaw_angle_topic,340.562255859375
1728295845.623565,/pitch_angle_topic,46.85972595214844
1728295845.633427,/roll_angle_topic,125.33882141113281
1728295845.6351619,/yaw_angle_topic,340.3152770996094
1728295845.6367269,/pitch_angle_topic,46.71608352661133
1728295845.6416078,/motor_positions,"279,47,339"
1728295845.646777,/roll_angle_topic,127.44845581054688
1728295845.6480978,/yaw_angle_topic,340.80340576171875
1728295845.6496348,/pitch_angle_topic,46.967430114746094
1728295845.6587574,/roll_angle_topic,129.2803955078125
1728295845.6603076,/yaw_angle_topic,341.5341491699219
1728295845.6617715,/pitch_angle_topic,47.242305755615234
1728295845.671935,/roll_angle_topic,131.1430206298828
1728295845.673286,/yaw_angle_topic,342.3126220703125
1728295845.6746984,/pitch_angle_topic,47.18056869506836
1728295845.6860743,/roll_angle_topic,133.45530700683594
1728295845.68757,/yaw_angle_topic,342.3290710449219
1728295845.6892116,/pitch_angle_topic,46.8528938293457
1728295845.6986215,/roll_angle_topic,135.1826171875
1728295845.7001598,/yaw_angle_topic,342.1767578125
1728295845.7018635,/pitch_angle_topic,46.16279220581055
1728295845.7117932,/roll_angle_topic,137.04966735839844
1728295845.7137122,/yaw_angle_topic,341.98431396484375
1728295845.7151625,/pitch_angle_topic,45.52375793457031
1728295845.7253344,/roll_angle_topic,139.04962158203125
1728295845.7269237,/yaw_angle_topic,342.0530090332031
1728295845.7283194,/pitch_angle_topic,45.27327346801758
1728295845.7382517,/roll_angle_topic,141.2432861328125
1728295845.7396152,/yaw_angle_topic,342.35321044921875
1728295845.741002,/pitch_angle_topic,45.31002426147461
1728295845.7425635,/motor_positions,"279,47,340"
1728295845.751296,/roll_angle_topic,143.15306091308594
1728295845.7532866,/yaw_angle_topic,342.46820068359375
1728295845.754685,/pitch_angle_topic,45.627174377441406
1728295845.7641873,/roll_angle_topic,144.68821716308594
1728295845.7656748,/yaw_angle_topic,342.86273193359375
1728295845.7670283,/pitch_angle_topic,46.00227737426758
1728295845.7768552,/roll_angle_topic,146.18739318847656
1728295845.778261,/yaw_angle_topic,343.252685546875
1728295845.7797973,/pitch_angle_topic,46.27029800415039
1728295845.7900512,/roll_angle_topic,148.03759765625
1728295845.7914217,/yaw_angle_topic,343.62750244140625
1728295845.7928553,/pitch_angle_topic,46.35364532470703
1728295845.804229,/roll_angle_topic,150.01174926757812
1728295845.8061066,/yaw_angle_topic,343.74365234375
1728295845.8073082,/pitch_angle_topic,46.348873138427734
1728295845.8172154,/roll_angle_topic,151.69345092773438
1728295845.818911,/yaw_angle_topic,344.00274658203125
1728295845.82066,/pitch_angle_topic,46.14645004272461
1728295845.8304768,/roll_angle_topic,153.07301330566406
1728295845.8317945,/yaw_angle_topic,344.20880126953125
1728295845.8333368,/pitch_angle_topic,45.87453079223633
1728295845.841511,/motor_positions,"279,45,341"
1728295845.843711,/roll_angle_topic,154.40240478515625
1728295845.845097,/yaw_angle_topic,343.8130187988281
1728295845.8467352,/pitch_angle_topic,45.87710189819336
1728295845.8560317,/roll_angle_topic,155.7383270263672
1728295845.8576517,/yaw_angle_topic,343.5745544433594
1728295845.859361,/pitch_angle_topic,45.972633361816406
1728295845.8698444,/roll_angle_topic,156.93301391601562
1728295845.8715186,/yaw_angle_topic,343.7157897949219
1728295845.8729722,/pitch_angle_topic,46.372196197509766
1728295845.8826675,/roll_angle_topic,158.39154052734375
1728295845.884157,/yaw_angle_topic,344.0873718261719
1728295845.8860354,/pitch_angle_topic,47.03151321411133
1728295845.8957772,/roll_angle_topic,159.94699096679688
1728295845.8971503,/yaw_angle_topic,344.26446533203125
1728295845.8985457,/pitch_angle_topic,47.4516716003418
1728295845.908661,/roll_angle_topic,161.50018310546875
1728295845.9100378,/yaw_angle_topic,344.2700500488281
1728295845.9113555,/pitch_angle_topic,47.575843811035156
1728295845.9213703,/roll_angle_topic,162.80105590820312
1728295845.9229126,/yaw_angle_topic,343.9806213378906
1728295845.924318,/pitch_angle_topic,47.52998733520508
1728295845.9353187,/roll_angle_topic,164.39637756347656
1728295845.936786,/yaw_angle_topic,343.85626220703125
1728295845.9385595,/pitch_angle_topic,47.63636016845703
1728295845.9415293,/motor_positions,"279,45,342"
1728295845.948696,/roll_angle_topic,165.74493408203125
1728295845.950193,/yaw_angle_topic,344.0911560058594
1728295845.9518478,/pitch_angle_topic,47.94914245605469
1728295845.9610023,/roll_angle_topic,166.72781372070312
1728295845.9624774,/yaw_angle_topic,344.14361572265625
1728295845.963883,/pitch_angle_topic,48.09798812866211
1728295845.974039,/roll_angle_topic,167.43112182617188
1728295845.9756265,/yaw_angle_topic,343.9101257324219
1728295845.9770687,/pitch_angle_topic,48.19701385498047
1728295845.987213,/roll_angle_topic,168.08734130859375
1728295845.9886773,/yaw_angle_topic,343.5587463378906
1728295845.990368,/pitch_angle_topic,48.26497268676758
1728295846.0003147,/roll_angle_topic,168.91258239746094
1728295846.0015676,/yaw_angle_topic,343.0995788574219
1728295846.0031002,/pitch_angle_topic,48.299495697021484
1728295846.0136807,/roll_angle_topic,170.12351989746094
1728295846.0151012,/yaw_angle_topic,342.7168884277344
1728295846.016512,/pitch_angle_topic,48.44000244140625
1728295846.026667,/roll_angle_topic,171.66867065429688
1728295846.0281565,/yaw_angle_topic,342.6485595703125
1728295846.0296857,/pitch_angle_topic,48.67489242553711
1728295846.0396695,/roll_angle_topic,172.86900329589844
1728295846.0413082,/yaw_angle_topic,342.84332275390625
1728295846.041502,/motor_positions,"279,47,343"
1728295846.042749,/pitch_angle_topic,48.856441497802734
1728295846.0533507,/roll_angle_topic,173.7711181640625
1728295846.054949,/yaw_angle_topic,343.076416015625
1728295846.0563297,/pitch_angle_topic,48.7698974609375
1728295846.066168,/roll_angle_topic,174.3502197265625
1728295846.0675435,/yaw_angle_topic,343.1192932128906
1728295846.0694103,/pitch_angle_topic,48.556129455566406
1728295846.0790422,/roll_angle_topic,174.74440002441406
1728295846.0804362,/yaw_angle_topic,342.91973876953125
1728295846.0817494,/pitch_angle_topic,48.215415954589844
1728295846.0928395,/roll_angle_topic,175.18685913085938
1728295846.0943046,/yaw_angle_topic,342.77001953125
1728295846.0956404,/pitch_angle_topic,47.8974494934082
1728295846.1059735,/roll_angle_topic,175.83120727539062
1728295846.1073167,/yaw_angle_topic,342.7428894042969
1728295846.1086435,/pitch_angle_topic,47.85585021972656
1728295846.1198165,/roll_angle_topic,176.99452209472656
1728295846.1212707,/yaw_angle_topic,342.85736083984375
1728295846.1228094,/pitch_angle_topic,47.88383865356445
1728295846.1324377,/roll_angle_topic,178.1082305908203
1728295846.1338396,/yaw_angle_topic,342.8469543457031
1728295846.1357074,/pitch_angle_topic,47.89811706542969
1728295846.1415281,/motor_positions,"279,47,343"
1728295846.1458426,/roll_angle_topic,179.23716735839844
1728295846.1472077,/yaw_angle_topic,342.87884521484375
1728295846.1486473,/pitch_angle_topic,47.94951248168945
1728295846.1590452,/roll_angle_topic,180.0972900390625
1728295846.1604378,/yaw_angle_topic,342.9560546875
1728295846.1617608,/pitch_angle_topic,47.89777755737305
1728295846.1720338,/roll_angle_topic,180.4727783203125
1728295846.173571,/yaw_angle_topic,342.90533447265625
1728295846.1749494,/pitch_angle_topic,47.76995086669922
1728295846.1844249,/roll_angle_topic,180.56434631347656
1728295846.1863315,/yaw_angle_topic,342.77301025390625
1728295846.1879525,/pitch_angle_topic,47.63033676147461
1728295846.1974502,/roll_angle_topic,180.44747924804688
1728295846.1988618,/yaw_angle_topic,342.59307861328125
1728295846.2002733,/pitch_angle_topic,47.46147155761719
1728295846.2110467,/roll_angle_topic,180.1142578125
1728295846.2127662,/yaw_angle_topic,342.3723449707031
1728295846.2141895,/pitch_angle_topic,47.3618278503418
1728295846.2240665,/roll_angle_topic,179.6380157470703
1728295846.2253876,/yaw_angle_topic,342.0972900390625
1728295846.2269368,/pitch_angle_topic,47.40369415283203
1728295846.2371948,/roll_angle_topic,179.1833038330078
1728295846.2390354,/yaw_angle_topic,341.8834228515625
1728295846.240462,/motor_positions,"279,47,342"
1728295846.2409713,/pitch_angle_topic,47.49217224121094
1728295846.2501812,/roll_angle_topic,178.9601287841797
1728295846.2519407,/yaw_angle_topic,341.8701171875
1728295846.2540364,/pitch_angle_topic,47.59635925292969
1728295846.2645733,/roll_angle_topic,178.59239196777344
1728295846.2658153,/yaw_angle_topic,341.9201354980469
1728295846.2673345,/pitch_angle_topic,47.70669937133789
1728295846.2758508,/roll_angle_topic,178.02651977539062
1728295846.2771425,/yaw_angle_topic,341.8444519042969
1728295846.2787638,/pitch_angle_topic,47.72537612915039
1728295846.289935,/roll_angle_topic,177.10269165039062
1728295846.2915804,/yaw_angle_topic,341.4169006347656
1728295846.2932887,/pitch_angle_topic,47.6302490234375
1728295846.303383,/roll_angle_topic,175.74496459960938
1728295846.3050756,/yaw_angle_topic,340.7115478515625
1728295846.3064802,/pitch_angle_topic,47.45439147949219
1728295846.3159492,/roll_angle_topic,173.80506896972656
1728295846.3173037,/yaw_angle_topic,340.02093505859375
1728295846.319235,/pitch_angle_topic,47.36566162109375
1728295846.3288052,/roll_angle_topic,171.62889099121094
1728295846.3301086,/yaw_angle_topic,339.693115234375
1728295846.331573,/pitch_angle_topic,47.1290397644043
1728295846.3416462,/motor_positions,"279,47,341"
1728295846.3425558,/roll_angle_topic,169.97177124023438
1728295846.343989,/yaw_angle_topic,339.5827941894531
1728295846.3452978,/pitch_angle_topic,46.69556427001953
1728295846.3552325,/roll_angle_topic,168.5062713623047
1728295846.3565223,/yaw_angle_topic,339.43865966796875
1728295846.3578868,/pitch_angle_topic,46.410118103027344
1728295846.3694196,/roll_angle_topic,166.62498474121094
1728295846.3708177,/yaw_angle_topic,339.0408630371094
1728295846.372456,/pitch_angle_topic,46.03371047973633
1728295846.3821216,/roll_angle_topic,164.45846557617188
1728295846.3834302,/yaw_angle_topic,338.48583984375
1728295846.3848124,/pitch_angle_topic,45.61214065551758
1728295846.3945742,/roll_angle_topic,161.61546325683594
1728295846.3960357,/yaw_angle_topic,337.53485107421875
1728295846.3974376,/pitch_angle_topic,45.194740295410156
1728295846.407298,/roll_angle_topic,157.73207092285156
1728295846.4086652,/yaw_angle_topic,336.5097351074219
1728295846.410015,/pitch_angle_topic,44.83735656738281
1728295846.420925,/roll_angle_topic,153.5924072265625
1728295846.4227662,/yaw_angle_topic,336.0663146972656
1728295846.4241984,/pitch_angle_topic,44.42491912841797
1728295846.4340072,/roll_angle_topic,149.7392578125
1728295846.4357915,/yaw_angle_topic,336.5471496582031
1728295846.437721,/pitch_angle_topic,43.747596740722656
1728295846.4416142,/motor_positions,"279,46,340"
1728295846.4478347,/roll_angle_topic,145.6053466796875
1728295846.4491725,/yaw_angle_topic,337.1346130371094
1728295846.450628,/pitch_angle_topic,42.848899841308594
1728295846.460829,/roll_angle_topic,141.00074768066406
1728295846.4623113,/yaw_angle_topic,337.3589172363281
1728295846.46371,/pitch_angle_topic,42.147178649902344
1728295846.4732249,/roll_angle_topic,137.01361083984375
1728295846.474754,/yaw_angle_topic,337.94635009765625
1728295846.4761426,/pitch_angle_topic,41.30901336669922
1728295846.4880579,/roll_angle_topic,133.34124755859375
1728295846.4894588,/yaw_angle_topic,338.5275573730469
1728295846.4908733,/pitch_angle_topic,39.97923278808594
1728295846.499638,/roll_angle_topic,129.46803283691406
1728295846.501758,/yaw_angle_topic,338.3283996582031
1728295846.5034473,/pitch_angle_topic,38.253692626953125
1728295846.5132353,/roll_angle_topic,125.77316284179688
1728295846.5144498,/yaw_angle_topic,338.00244140625
1728295846.515983,/pitch_angle_topic,36.7937126159668
1728295846.5256684,/roll_angle_topic,121.35140991210938
1728295846.5270977,/yaw_angle_topic,337.7514343261719
1728295846.52844,/pitch_angle_topic,35.63799285888672
1728295846.5395286,/roll_angle_topic,116.64985656738281
1728295846.540891,/yaw_angle_topic,337.59222412109375
1728295846.5423698,/motor_positions,"280,42,338"
1728295846.5425217,/pitch_angle_topic,34.940330505371094
1728295846.5518882,/roll_angle_topic,112.94436645507812
1728295846.5535765,/yaw_angle_topic,337.38641357421875
1728295846.5550559,/pitch_angle_topic,34.64042663574219
1728295846.5651257,/roll_angle_topic,109.6868896484375
1728295846.5665665,/yaw_angle_topic,337.6743469238281
1728295846.5679066,/pitch_angle_topic,34.29209518432617
1728295846.5778954,/roll_angle_topic,106.44984436035156
1728295846.5795236,/yaw_angle_topic,337.6413879394531
1728295846.5810077,/pitch_angle_topic,33.55147171020508
1728295846.5919054,/roll_angle_topic,104.05006408691406
1728295846.593727,/yaw_angle_topic,337.3363952636719
1728295846.5950434,/pitch_angle_topic,32.54840850830078
1728295846.604818,/roll_angle_topic,101.35299682617188
1728295846.6062243,/yaw_angle_topic,336.7480773925781
1728295846.6077888,/pitch_angle_topic,31.25534439086914
1728295846.618485,/roll_angle_topic,98.42623901367188
1728295846.6205084,/yaw_angle_topic,336.18939208984375
1728295846.6219897,/pitch_angle_topic,30.17206573486328
1728295846.6305304,/roll_angle_topic,94.701171875
1728295846.6318734,/yaw_angle_topic,335.6283874511719
1728295846.6333005,/pitch_angle_topic,29.827077865600586
1728295846.6417086,/motor_positions,"279,35,337"
1728295846.6451955,/roll_angle_topic,90.751708984375
1728295846.6465545,/yaw_angle_topic,334.899658203125
1728295846.648028,/pitch_angle_topic,30.04876136779785
1728295846.6570678,/roll_angle_topic,86.4473876953125
1728295846.6586049,/yaw_angle_topic,333.916748046875
1728295846.660348,/pitch_angle_topic,30.44510269165039
1728295846.670368,/roll_angle_topic,82.6236572265625
1728295846.6718452,/yaw_angle_topic,333.652587890625
1728295846.6736,/pitch_angle_topic,30.643566131591797
1728295846.6833,/roll_angle_topic,79.24530029296875
1728295846.6850245,/yaw_angle_topic,332.871337890625
1728295846.6868057,/pitch_angle_topic,30.535783767700195
1728295846.69656,/roll_angle_topic,76.2427978515625
1728295846.698277,/yaw_angle_topic,332.1236572265625
1728295846.701404,/pitch_angle_topic,30.287681579589844
1728295846.7103133,/roll_angle_topic,73.29269409179688
1728295846.7117434,/yaw_angle_topic,331.6679382324219
1728295846.7132666,/pitch_angle_topic,30.063241958618164
1728295846.7232323,/roll_angle_topic,70.55584716796875
1728295846.7245286,/yaw_angle_topic,331.6377868652344
1728295846.7259643,/pitch_angle_topic,29.991186141967773
1728295846.73692,/roll_angle_topic,67.71881103515625
1728295846.7383976,/yaw_angle_topic,331.289794921875
1728295846.7398508,/pitch_angle_topic,30.254152297973633
1728295846.7415702,/motor_positions,"280,30,335"
1728295846.749862,/roll_angle_topic,64.11160278320312
1728295846.7514606,/yaw_angle_topic,330.8294677734375
1728295846.7534688,/pitch_angle_topic,30.834232330322266
1728295846.7633474,/roll_angle_topic,60.38226318359375
1728295846.7647414,/yaw_angle_topic,332.3096618652344
1728295846.7663665,/pitch_angle_topic,30.871335983276367
1728295846.7761946,/roll_angle_topic,57.40472412109375
1728295846.7776663,/yaw_angle_topic,333.2003479003906
1728295846.779434,/pitch_angle_topic,30.462669372558594
1728295846.7892866,/roll_angle_topic,55.1597900390625
1728295846.7912474,/yaw_angle_topic,333.8267822265625
1728295846.7928133,/pitch_angle_topic,30.114200592041016
1728295846.8031204,/roll_angle_topic,53.2899169921875
1728295846.8047223,/yaw_angle_topic,333.1553955078125
1728295846.8061223,/pitch_angle_topic,29.973546981811523
1728295846.8157856,/roll_angle_topic,51.421630859375
1728295846.817183,/yaw_angle_topic,332.5201416015625
1728295846.8191304,/pitch_angle_topic,30.106910705566406
1728295846.8288784,/roll_angle_topic,49.149658203125
1728295846.8303797,/yaw_angle_topic,332.0035705566406
1728295846.831751,/pitch_angle_topic,30.387937545776367
1728295846.841714,/roll_angle_topic,45.80743408203125
1728295846.8424556,/motor_positions,"280,30,332"
1728295846.843242,/yaw_angle_topic,332.97625732421875
1728295846.8450692,/pitch_angle_topic,30.496505737304688
1728295846.8557403,/roll_angle_topic,42.872161865234375
1728295846.857125,/yaw_angle_topic,334.0500183105469
1728295846.8585658,/pitch_angle_topic,30.319059371948242
1728295846.8677006,/roll_angle_topic,40.69598388671875
1728295846.8693123,/yaw_angle_topic,334.8128356933594
1728295846.870995,/pitch_angle_topic,29.810468673706055
1728295846.880578,/roll_angle_topic,39.01507568359375
1728295846.8820078,/yaw_angle_topic,335.35882568359375
1728295846.8834016,/pitch_angle_topic,29.027311325073242
1728295846.8946936,/roll_angle_topic,37.586334228515625
1728295846.896222,/yaw_angle_topic,334.27862548828125
1728295846.8975976,/pitch_angle_topic,28.568628311157227
1728295846.9076138,/roll_angle_topic,35.476654052734375
1728295846.9089694,/yaw_angle_topic,333.09326171875
1728295846.910375,/pitch_angle_topic,28.276464462280273
1728295846.9203663,/roll_angle_topic,32.789764404296875
1728295846.9216464,/yaw_angle_topic,334.1812744140625
1728295846.923193,/pitch_angle_topic,27.697216033935547
1728295846.9339454,/roll_angle_topic,30.297637939453125
1728295846.936085,/yaw_angle_topic,335.08575439453125
1728295846.9375129,/pitch_angle_topic,26.969602584838867
1728295846.9414363,/motor_positions,"280,30,332"
1728295846.9476368,/roll_angle_topic,28.346771240234375
1728295846.9489536,/yaw_angle_topic,335.5540771484375
1728295846.9505608,/pitch_angle_topic,26.500797271728516
1728295846.9606302,/roll_angle_topic,26.8179931640625
1728295846.9621074,/yaw_angle_topic,336.09326171875
1728295846.9636538,/pitch_angle_topic,26.235872268676758
1728295846.9728844,/roll_angle_topic,24.9947509765625
1728295846.9744864,/yaw_angle_topic,336.87591552734375
1728295846.975856,/pitch_angle_topic,25.808380126953125
1728295846.9859138,/roll_angle_topic,23.016204833984375
1728295846.9874609,/yaw_angle_topic,337.66680908203125
1728295846.989276,/pitch_angle_topic,25.243316650390625
1728295846.998853,/roll_angle_topic,21.27386474609375
1728295847.00038,/yaw_angle_topic,338.2465515136719
1728295847.0019722,/pitch_angle_topic,24.841001510620117
1728295847.0132446,/roll_angle_topic,19.488555908203125
1728295847.0146182,/yaw_angle_topic,338.72296142578125
1728295847.0160165,/pitch_angle_topic,24.560562133789062
1728295847.025779,/roll_angle_topic,17.967803955078125
1728295847.0272877,/yaw_angle_topic,339.13232421875
1728295847.0287845,/pitch_angle_topic,24.443056106567383
1728295847.0387082,/roll_angle_topic,16.40423583984375
1728295847.0403953,/yaw_angle_topic,339.62811279296875
1728295847.0414941,/motor_positions,"280,26,334"
1728295847.0417578,/pitch_angle_topic,24.35968780517578
1728295847.0519245,/roll_angle_topic,14.44439697265625
1728295847.053586,/yaw_angle_topic,340.2224426269531
1728295847.05509,/pitch_angle_topic,24.214759826660156
1728295847.0649433,/roll_angle_topic,12.94805908203125
1728295847.0665026,/yaw_angle_topic,340.43212890625
1728295847.068062,/pitch_angle_topic,23.989681243896484
1728295847.0790124,/roll_angle_topic,12.073974609375
1728295847.0805163,/yaw_angle_topic,340.4476623535156
1728295847.081959,/pitch_angle_topic,23.646907806396484
1728295847.092193,/roll_angle_topic,11.12066650390625
1728295847.093603,/yaw_angle_topic,340.707275390625
1728295847.0950673,/pitch_angle_topic,23.39788818359375
1728295847.1055713,/roll_angle_topic,9.96954345703125
1728295847.107163,/yaw_angle_topic,341.0904235839844
1728295847.1089878,/pitch_angle_topic,23.20218276977539
1728295847.1357222,/roll_angle_topic,8.91357421875
1728295847.137236,/yaw_angle_topic,341.2388000488281
1728295847.1460724,/pitch_angle_topic,22.957408905029297
1728295847.147852,/roll_angle_topic,8.02740478515625
1728295847.1498775,/yaw_angle_topic,341.24444580078125
1728295847.1515656,/pitch_angle_topic,22.675565719604492
1728295847.1532857,/roll_angle_topic,7.189727783203125
1728295847.1549459,/yaw_angle_topic,341.39520263671875
1728295847.1565702,/pitch_angle_topic,22.32950782775879
1728295847.1581268,/roll_angle_topic,6.135528564453125
1728295847.1600916,/yaw_angle_topic,341.72015380859375
1728295847.1617994,/pitch_angle_topic,22.033771514892578
1728295847.1780941,/roll_angle_topic,5.006134033203125
1728295847.181021,/yaw_angle_topic,341.9958801269531
1728295847.1831117,/pitch_angle_topic,21.79638671875
1728295847.1868947,/roll_angle_topic,3.78680419921875
1728295847.188792,/yaw_angle_topic,342.26910400390625
1728295847.190921,/pitch_angle_topic,21.727764129638672
1728295847.1970942,/roll_angle_topic,2.82666015625
1728295847.1989193,/yaw_angle_topic,342.4864807128906
1728295847.2009082,/pitch_angle_topic,21.705127716064453
1728295847.209738,/roll_angle_topic,2.18048095703125
1728295847.2111874,/yaw_angle_topic,342.612060546875
1728295847.2127223,/pitch_angle_topic,21.775651931762695
1728295847.222752,/roll_angle_topic,1.4788818359375
1728295847.2243092,/yaw_angle_topic,342.95599365234375
1728295847.226029,/pitch_angle_topic,21.867761611938477
1728295847.2366917,/roll_angle_topic,0.805389404296875
1728295847.2389283,/yaw_angle_topic,343.1597900390625
1728295847.2406447,/pitch_angle_topic,22.04300308227539
1728295847.2494342,/roll_angle_topic,0.120361328125
1728295847.2509608,/yaw_angle_topic,343.3920593261719
1728295847.2529783,/pitch_angle_topic,22.26726722717285
1728295847.2619183,/roll_angle_topic,359.398193359375
1728295847.2634938,/yaw_angle_topic,343.6593322753906
1728295847.2649395,/pitch_angle_topic,22.487407684326172
1728295847.275102,/roll_angle_topic,358.76763916015625
1728295847.2767835,/yaw_angle_topic,343.94366455078125
1728295847.2781956,/pitch_angle_topic,22.57353401184082
1728295847.2884326,/roll_angle_topic,358.21820068359375
1728295847.2898448,/yaw_angle_topic,344.21881103515625
1728295847.291722,/pitch_angle_topic,22.526805877685547
1728295847.3018003,/roll_angle_topic,357.6148681640625
1728295847.3037686,/yaw_angle_topic,344.4858093261719
1728295847.305842,/pitch_angle_topic,22.410490036010742
1728295847.315505,/roll_angle_topic,356.97235107421875
1728295847.3168945,/yaw_angle_topic,344.71234130859375
1728295847.3184674,/pitch_angle_topic,22.326051712036133
1728295847.328484,/roll_angle_topic,356.3804626464844
1728295847.330072,/yaw_angle_topic,344.7730712890625
1728295847.3317535,/pitch_angle_topic,22.361169815063477
1728295847.3417675,/roll_angle_topic,355.7448425292969
1728295847.3432667,/yaw_angle_topic,344.7637634277344
1728295847.3447788,/pitch_angle_topic,22.609251022338867
1728295847.35502,/roll_angle_topic,355.01483154296875
1728295847.3566067,/yaw_angle_topic,344.9368591308594
1728295847.3581388,/pitch_angle_topic,23.020475387573242
1728295847.3680315,/roll_angle_topic,354.3224792480469
1728295847.3698518,/yaw_angle_topic,345.1107482910156
1728295847.3717084,/pitch_angle_topic,23.453731536865234
1728295847.3806257,/roll_angle_topic,353.6927490234375
1728295847.3826354,/yaw_angle_topic,345.3226013183594
1728295847.384405,/pitch_angle_topic,23.72633171081543
1728295847.3938,/roll_angle_topic,352.9645080566406
1728295847.3951862,/yaw_angle_topic,345.5782165527344
1728295847.3970141,/pitch_angle_topic,23.88320541381836
1728295847.4072227,/roll_angle_topic,352.191650390625
1728295847.409009,/yaw_angle_topic,345.6968078613281
1728295847.4104724,/pitch_angle_topic,23.994935989379883
1728295847.4207659,/roll_angle_topic,351.30810546875
1728295847.4225821,/yaw_angle_topic,345.8077392578125
1728295847.424295,/pitch_angle_topic,24.1219482421875
1728295847.433345,/roll_angle_topic,350.4422302246094
1728295847.4347892,/yaw_angle_topic,345.8566589355469
1728295847.4367905,/pitch_angle_topic,24.257661819458008
1728295847.446063,/roll_angle_topic,349.622314453125
1728295847.4475768,/yaw_angle_topic,345.9644775390625
1728295847.4492242,/pitch_angle_topic,24.393009185791016
1728295847.4597988,/roll_angle_topic,348.9163818359375
1728295847.461636,/yaw_angle_topic,346.028564453125
1728295847.46335,/pitch_angle_topic,24.536998748779297
1728295847.4726794,/roll_angle_topic,348.2965087890625
1728295847.4741778,/yaw_angle_topic,346.05902099609375
1728295847.4759967,/pitch_angle_topic,24.816041946411133
1728295847.4867306,/roll_angle_topic,347.47235107421875
1728295847.4884722,/yaw_angle_topic,346.2152404785156
1728295847.4899666,/pitch_angle_topic,25.442075729370117
1728295847.4993298,/roll_angle_topic,346.72802734375
1728295847.501031,/yaw_angle_topic,346.42205810546875
1728295847.5028448,/pitch_angle_topic,25.947378158569336
1728295847.512244,/roll_angle_topic,346.0989990234375
1728295847.513812,/yaw_angle_topic,346.5903625488281
1728295847.515717,/pitch_angle_topic,26.27564239501953
1728295847.5248632,/roll_angle_topic,345.491455078125
1728295847.5265534,/yaw_angle_topic,346.76959228515625
1728295847.5281918,/pitch_angle_topic,26.249340057373047
1728295847.538686,/roll_angle_topic,344.9908447265625
1728295847.540125,/yaw_angle_topic,346.76788330078125
1728295847.5415602,/pitch_angle_topic,26.021879196166992
1728295847.5527246,/roll_angle_topic,344.4725341796875
1728295847.5554829,/yaw_angle_topic,346.57049560546875
1728295847.5572267,/pitch_angle_topic,25.80215835571289
1728295847.5662918,/roll_angle_topic,343.8591613769531
1728295847.5675673,/yaw_angle_topic,346.2425537109375
1728295847.5691428,/pitch_angle_topic,25.66976547241211
1728295847.5778606,/roll_angle_topic,343.222900390625
1728295847.5798116,/yaw_angle_topic,345.94171142578125
1728295847.581238,/pitch_angle_topic,25.702899932861328
1728295847.5924923,/roll_angle_topic,342.62200927734375
1728295847.5938642,/yaw_angle_topic,345.6016540527344
1728295847.595735,/pitch_angle_topic,25.847774505615234
1728295847.6041508,/roll_angle_topic,341.95367431640625
1728295847.6054494,/yaw_angle_topic,345.4246826171875
1728295847.6068857,/pitch_angle_topic,25.989686965942383
1728295847.6173608,/roll_angle_topic,341.38861083984375
1728295847.6188674,/yaw_angle_topic,345.2170104980469
1728295847.6204984,/pitch_angle_topic,25.97955322265625
1728295847.6314127,/roll_angle_topic,340.8846435546875
1728295847.6328542,/yaw_angle_topic,344.9705505371094
1728295847.6348357,/pitch_angle_topic,25.85688591003418
1728295847.6446378,/roll_angle_topic,340.3243713378906
1728295847.6462252,/yaw_angle_topic,344.649169921875
1728295847.647952,/pitch_angle_topic,25.599531173706055
1728295847.6575012,/roll_angle_topic,339.8822021484375
1728295847.6593044,/yaw_angle_topic,344.1871337890625
1728295847.6610582,/pitch_angle_topic,25.396711349487305
1728295847.673393,/roll_angle_topic,339.4598388671875
1728295847.6767678,/yaw_angle_topic,343.754150390625
1728295847.6789393,/pitch_angle_topic,25.278608322143555
1728295847.6877272,/roll_angle_topic,339.1974182128906
1728295847.691094,/yaw_angle_topic,343.3704833984375
1728295847.6932921,/pitch_angle_topic,25.21746826171875
1728295847.6992135,/roll_angle_topic,338.91400146484375
1728295847.701474,/yaw_angle_topic,343.0914001464844
1728295847.7042592,/pitch_angle_topic,25.136877059936523
1728295847.711356,/roll_angle_topic,338.67242431640625
1728295847.7138627,/yaw_angle_topic,342.712890625
1728295847.715936,/pitch_angle_topic,25.12217903137207
1728295847.7250874,/roll_angle_topic,338.4124755859375
1728295847.7279067,/yaw_angle_topic,342.3837890625
1728295847.729667,/pitch_angle_topic,25.14499282836914
1728295847.7397628,/roll_angle_topic,338.2662353515625
1728295847.741653,/yaw_angle_topic,341.9873352050781
1728295847.744533,/pitch_angle_topic,25.292034149169922
1728295847.7542446,/roll_angle_topic,338.2247314453125
1728295847.757288,/yaw_angle_topic,341.6169128417969
1728295847.7596076,/pitch_angle_topic,25.4455509185791
1728295847.7657726,/roll_angle_topic,338.48516845703125
1728295847.767512,/yaw_angle_topic,341.1411437988281
1728295847.7702544,/pitch_angle_topic,25.57573890686035
1728295847.7773573,/roll_angle_topic,339.0296630859375
1728295847.77949,/yaw_angle_topic,340.61383056640625
1728295847.782249,/pitch_angle_topic,25.683238983154297
1728295847.7914517,/roll_angle_topic,339.6806640625
1728295847.7936945,/yaw_angle_topic,340.21282958984375
1728295847.7958632,/pitch_angle_topic,25.45418930053711
1728295847.8056133,/roll_angle_topic,340.6876220703125
1728295847.8087933,/yaw_angle_topic,339.6695251464844
1728295847.811452,/pitch_angle_topic,24.900041580200195
1728295847.816891,/roll_angle_topic,341.86260986328125
1728295847.8192005,/yaw_angle_topic,338.85040283203125
1728295847.8224726,/pitch_angle_topic,24.310319900512695
1728295847.8310232,/roll_angle_topic,342.53765869140625
1728295847.8330684,/yaw_angle_topic,338.1748046875
1728295847.8351357,/pitch_angle_topic,24.185667037963867
1728295847.8435488,/roll_angle_topic,343.2178955078125
1728295847.846016,/yaw_angle_topic,337.5470886230469
1728295847.8480732,/pitch_angle_topic,24.186389923095703
1728295847.8577256,/roll_angle_topic,344.04205322265625
1728295847.8610237,/yaw_angle_topic,336.8887939453125
1728295847.8631496,/pitch_angle_topic,24.32312774658203
1728295847.871674,/roll_angle_topic,345.2846374511719
1728295847.87498,/yaw_angle_topic,336.06353759765625
1728295847.8778224,/pitch_angle_topic,24.750810623168945
1728295847.8834255,/roll_angle_topic,347.4749755859375
1728295847.8861592,/yaw_angle_topic,335.33270263671875
1728295847.8912983,/pitch_angle_topic,25.06637191772461
1728295847.896619,/roll_angle_topic,350.65203857421875
1728295847.8987067,/yaw_angle_topic,334.9790344238281
1728295847.9010239,/pitch_angle_topic,25.014558792114258
1728295847.9101076,/roll_angle_topic,354.50823974609375
1728295847.9119427,/yaw_angle_topic,334.99359130859375
1728295847.9143536,/pitch_angle_topic,24.40837860107422
1728295847.922569,/roll_angle_topic,357.8963623046875
1728295847.925435,/yaw_angle_topic,335.10235595703125
1728295847.927972,/pitch_angle_topic,23.197879791259766
1728295847.9370224,/roll_angle_topic,1.0755615234375
1728295847.9404843,/yaw_angle_topic,335.1660461425781
1728295847.9430602,/pitch_angle_topic,21.720495223999023
1728295847.9491205,/roll_angle_topic,5.023712158203125
1728295847.9516146,/yaw_angle_topic,334.83056640625
1728295847.9546123,/pitch_angle_topic,19.971017837524414
1728295847.9616394,/roll_angle_topic,9.1395263671875
1728295847.9638126,/yaw_angle_topic,333.770263671875
1728295847.966581,/pitch_angle_topic,18.808151245117188
1728295847.9753482,/roll_angle_topic,13.33441162109375
1728295847.9793642,/yaw_angle_topic,332.3697509765625
1728295847.9817464,/pitch_angle_topic,18.78948402404785
1728295847.9897158,/roll_angle_topic,17.9613037109375
1728295847.992587,/yaw_angle_topic,332.74859619140625
1728295847.9951024,/pitch_angle_topic,20.10440444946289
1728295848.002231,/roll_angle_topic,20.743133544921875
1728295848.00519,/yaw_angle_topic,333.24273681640625
1728295848.0081983,/pitch_angle_topic,21.546104431152344
1728295848.0138254,/roll_angle_topic,22.210205078125
1728295848.0158107,/yaw_angle_topic,333.3004150390625
1728295848.0183778,/pitch_angle_topic,22.79134750366211
1728295848.0278745,/roll_angle_topic,22.9383544921875
1728295848.029846,/yaw_angle_topic,333.2909240722656
1728295848.0320783,/pitch_angle_topic,23.86825180053711
1728295848.0421093,/roll_angle_topic,23.447662353515625
1728295848.044838,/yaw_angle_topic,333.4037780761719
1728295848.0469472,/pitch_angle_topic,24.654590606689453
1728295848.0562217,/roll_angle_topic,24.056610107421875
1728295848.0584328,/yaw_angle_topic,333.15216064453125
1728295848.0606785,/pitch_angle_topic,25.368289947509766
1728295848.0662065,/roll_angle_topic,25.55206298828125
1728295848.0687191,/yaw_angle_topic,332.6878356933594
1728295848.0715995,/pitch_angle_topic,26.14272117614746
1728295848.0808496,/roll_angle_topic,27.832489013671875
1728295848.0831952,/yaw_angle_topic,331.97186279296875
1728295848.0854461,/pitch_angle_topic,27.02545738220215
1728295848.092768,/roll_angle_topic,29.988250732421875
1728295848.0953996,/yaw_angle_topic,331.3824157714844
1728295848.0977006,/pitch_angle_topic,27.783920288085938
1728295848.108067,/roll_angle_topic,32.6033935546875
1728295848.1112366,/yaw_angle_topic,331.9613037109375
1728295848.113364,/pitch_angle_topic,28.35511589050293
1728295848.1188684,/roll_angle_topic,34.775848388671875
1728295848.1217904,/yaw_angle_topic,332.0872802734375
1728295848.124451,/pitch_angle_topic,28.853118896484375
1728295848.1327767,/roll_angle_topic,36.2947998046875
1728295848.135244,/yaw_angle_topic,331.9544982910156
1728295848.1374598,/pitch_angle_topic,29.52692413330078
1728295848.1462102,/roll_angle_topic,37.806060791015625
1728295848.148052,/yaw_angle_topic,331.9403076171875
1728295848.1502047,/pitch_angle_topic,30.095935821533203
1728295848.1591556,/roll_angle_topic,39.459869384765625
1728295848.161199,/yaw_angle_topic,331.7374267578125
1728295848.1633925,/pitch_angle_topic,30.458213806152344
1728295848.1751301,/roll_angle_topic,40.930084228515625
1728295848.1777785,/yaw_angle_topic,331.2324523925781
1728295848.1801486,/pitch_angle_topic,30.853561401367188
1728295848.1863902,/roll_angle_topic,42.459320068359375
1728295848.1899698,/yaw_angle_topic,330.8731689453125
1728295848.1924489,/pitch_angle_topic,31.299840927124023
1728295848.1979475,/roll_angle_topic,45.543304443359375
1728295848.2005675,/yaw_angle_topic,331.6434631347656
1728295848.2029097,/pitch_angle_topic,31.499296188354492
1728295848.2112913,/roll_angle_topic,49.007476806640625
1728295848.21368,/yaw_angle_topic,331.81097412109375
1728295848.216297,/pitch_angle_topic,31.47427749633789
1728295848.2251186,/roll_angle_topic,51.617034912109375
1728295848.2273235,/yaw_angle_topic,331.86328125
1728295848.2296822,/pitch_angle_topic,31.550281524658203
1728295848.2386665,/roll_angle_topic,53.289215087890625
1728295848.2410362,/yaw_angle_topic,332.2841796875
1728295848.2437253,/pitch_angle_topic,31.29622459411621
1728295848.2510552,/roll_angle_topic,54.385772705078125
1728295848.2539456,/yaw_angle_topic,332.3070068359375
1728295848.256611,/pitch_angle_topic,30.67465591430664
1728295848.263948,/roll_angle_topic,55.57159423828125
1728295848.265821,/yaw_angle_topic,332.0318298339844
1728295848.268047,/pitch_angle_topic,30.13876724243164
1728295848.2765675,/roll_angle_topic,57.105560302734375
1728295848.2786622,/yaw_angle_topic,332.337890625
1728295848.2818382,/pitch_angle_topic,29.89443588256836
1728295848.2912965,/roll_angle_topic,58.583831787109375
1728295848.2938228,/yaw_angle_topic,332.6185302734375
1728295848.2959049,/pitch_angle_topic,29.313905715942383
1728295848.3031874,/roll_angle_topic,60.206451416015625
1728295848.307473,/yaw_angle_topic,332.6272888183594
1728295848.31029,/pitch_angle_topic,28.738323211669922
1728295848.3171296,/roll_angle_topic,61.79351806640625
1728295848.3193543,/yaw_angle_topic,332.5935974121094
1728295848.3221667,/pitch_angle_topic,28.33640480041504
1728295848.3291235,/roll_angle_topic,63.263946533203125
1728295848.3313856,/yaw_angle_topic,332.7178649902344
1728295848.3335369,/pitch_angle_topic,28.4064998626709
1728295848.34298,/roll_angle_topic,64.36041259765625
1728295848.3452659,/yaw_angle_topic,333.2539978027344
1728295848.347418,/pitch_angle_topic,28.701618194580078
1728295848.3567696,/roll_angle_topic,65.1905517578125
1728295848.359313,/yaw_angle_topic,333.97747802734375
1728295848.3613002,/pitch_angle_topic,28.85989761352539
1728295848.369201,/roll_angle_topic,66.149658203125
1728295848.371591,/yaw_angle_topic,334.7538146972656
1728295848.3740768,/pitch_angle_topic,28.712024688720703
1728295848.3814874,/roll_angle_topic,67.451171875
1728295848.383729,/yaw_angle_topic,335.4151916503906
1728295848.386552,/pitch_angle_topic,28.13576889038086
1728295848.3953712,/roll_angle_topic,68.86593627929688
1728295848.397554,/yaw_angle_topic,335.72088623046875
1728295848.4001856,/pitch_angle_topic,27.481788635253906
1728295848.4085472,/roll_angle_topic,70.11846923828125
1728295848.410887,/yaw_angle_topic,335.9981689453125
1728295848.4131198,/pitch_angle_topic,26.88278579711914
1728295848.423748,/roll_angle_topic,71.129638671875
1728295848.4260814,/yaw_angle_topic,336.2244873046875
1728295848.4281557,/pitch_angle_topic,26.345430374145508
1728295848.435668,/roll_angle_topic,71.85928344726562
1728295848.438622,/yaw_angle_topic,336.5260925292969
1728295848.4415162,/pitch_angle_topic,25.95775604248047
1728295848.4481907,/roll_angle_topic,72.6190185546875
1728295848.4503412,/yaw_angle_topic,336.9877014160156
1728295848.453186,/pitch_angle_topic,25.441715240478516
1728295848.4615984,/roll_angle_topic,73.54525756835938
1728295848.4638178,/yaw_angle_topic,337.5671081542969
1728295848.4658597,/pitch_angle_topic,24.714130401611328
1728295848.4753497,/roll_angle_topic,74.35855102539062
1728295848.4778378,/yaw_angle_topic,338.02801513671875
1728295848.4799926,/pitch_angle_topic,23.978179931640625
1728295848.488572,/roll_angle_topic,74.95455932617188
1728295848.4910781,/yaw_angle_topic,338.5450134277344
1728295848.4935143,/pitch_angle_topic,23.1533145904541
1728295848.5008702,/roll_angle_topic,75.60000610351562
1728295848.503588,/yaw_angle_topic,339.1793518066406
1728295848.5067985,/pitch_angle_topic,22.310951232910156
1728295848.5137603,/roll_angle_topic,76.21710205078125
1728295848.5162017,/yaw_angle_topic,339.8818054199219
1728295848.5190818,/pitch_angle_topic,21.593063354492188
1728295848.5277746,/roll_angle_topic,76.73345947265625
1728295848.5296423,/yaw_angle_topic,340.284912109375
1728295848.5317497,/pitch_angle_topic,20.905847549438477
1728295848.540396,/roll_angle_topic,77.04891967773438
1728295848.5425003,/yaw_angle_topic,340.3009033203125
1728295848.544923,/pitch_angle_topic,20.071455001831055
1728295848.5526993,/roll_angle_topic,77.15576171875
1728295848.5553699,/yaw_angle_topic,340.05517578125
1728295848.5576506,/pitch_angle_topic,19.050405502319336
1728295848.566321,/roll_angle_topic,77.16607666015625
1728295848.568821,/yaw_angle_topic,339.71630859375
1728295848.5714388,/pitch_angle_topic,18.015356063842773
1728295848.5799716,/roll_angle_topic,77.11822509765625
1728295848.5817392,/yaw_angle_topic,339.5138854980469
1728295848.5842128,/pitch_angle_topic,17.10474967956543
1728295848.592224,/roll_angle_topic,77.00112915039062
1728295848.5946615,/yaw_angle_topic,339.8326416015625
1728295848.596916,/pitch_angle_topic,16.242080688476562
1728295848.6061287,/roll_angle_topic,76.7105712890625
1728295848.6087563,/yaw_angle_topic,340.3895263671875
1728295848.6109722,/pitch_angle_topic,15.624849319458008
1728295848.6191444,/roll_angle_topic,76.7791748046875
1728295848.6215181,/yaw_angle_topic,341.48419189453125
1728295848.6235812,/pitch_angle_topic,15.077449798583984
1728295848.6328223,/roll_angle_topic,77.03665161132812
1728295848.6353223,/yaw_angle_topic,342.3218078613281
1728295848.6378903,/pitch_angle_topic,14.128643989562988
1728295848.6448212,/roll_angle_topic,77.8135986328125
1728295848.6472607,/yaw_angle_topic,342.8873596191406
1728295848.6493912,/pitch_angle_topic,12.892740249633789
1728295848.6589813,/roll_angle_topic,78.64901733398438
1728295848.6612945,/yaw_angle_topic,343.10345458984375
1728295848.6636066,/pitch_angle_topic,11.48972225189209
1728295848.6716688,/roll_angle_topic,79.32876586914062
1728295848.6746027,/yaw_angle_topic,343.2196960449219
1728295848.6768017,/pitch_angle_topic,9.8368558883667
1728295848.6847281,/roll_angle_topic,79.67642211914062
1728295848.687648,/yaw_angle_topic,343.2034606933594
1728295848.6901875,/pitch_angle_topic,8.416265487670898
1728295848.6985407,/roll_angle_topic,79.906005859375
1728295848.7007933,/yaw_angle_topic,343.24652099609375
1728295848.7032852,/pitch_angle_topic,7.026346206665039
1728295848.711238,/roll_angle_topic,80.06655883789062
1728295848.713777,/yaw_angle_topic,343.5708312988281
1728295848.7159078,/pitch_angle_topic,5.839266777038574
1728295848.7235494,/roll_angle_topic,80.25604248046875
1728295848.725932,/yaw_angle_topic,341.8267517089844
1728295848.7281141,/pitch_angle_topic,4.774186611175537
1728295848.7383935,/roll_angle_topic,81.61260986328125
1728295848.7410016,/yaw_angle_topic,342.6595764160156
1728295848.7440732,/pitch_angle_topic,3.9834582805633545
1728295848.7513647,/roll_angle_topic,83.61227416992188
1728295848.7527971,/yaw_angle_topic,343.1170654296875
1728295848.755301,/pitch_angle_topic,3.2135696411132812
1728295848.763368,/roll_angle_topic,85.58663940429688
1728295848.7656987,/yaw_angle_topic,343.13299560546875
1728295848.7688367,/pitch_angle_topic,2.312490224838257
1728295848.7758684,/roll_angle_topic,87.23202514648438
1728295848.778588,/yaw_angle_topic,343.0245361328125
1728295848.7807627,/pitch_angle_topic,1.2633496522903442
1728295848.7912123,/roll_angle_topic,88.47418212890625
1728295848.7934048,/yaw_angle_topic,342.81048583984375
1728295848.795683,/pitch_angle_topic,0.14057564735412598
1728295848.8041303,/roll_angle_topic,89.650634765625
1728295848.807149,/yaw_angle_topic,342.5229187011719
1728295848.8106096,/pitch_angle_topic,359.0834045410156
1728295848.8161123,/roll_angle_topic,90.656005859375
1728295848.818286,/yaw_angle_topic,342.3733215332031
1728295848.8219934,/pitch_angle_topic,358.3496398925781
1728295848.8292394,/roll_angle_topic,91.698486328125
1728295848.8312087,/yaw_angle_topic,342.50213623046875
1728295848.8337488,/pitch_angle_topic,357.75421142578125
1728295848.8424332,/roll_angle_topic,92.81024169921875
1728295848.8445144,/yaw_angle_topic,342.8592224121094
1728295848.8473039,/pitch_angle_topic,357.1337585449219
1728295848.8559306,/roll_angle_topic,93.9625244140625
1728295848.85832,/yaw_angle_topic,343.2945861816406
1728295848.861027,/pitch_angle_topic,356.4607238769531
1728295848.8685784,/roll_angle_topic,94.97314453125
1728295848.8717961,/yaw_angle_topic,343.4373474121094
1728295848.8746912,/pitch_angle_topic,355.86431884765625
1728295848.8814728,/roll_angle_topic,95.876953125
1728295848.883787,/yaw_angle_topic,342.92730712890625
1728295848.886775,/pitch_angle_topic,355.4431457519531
1728295848.8948276,/roll_angle_topic,96.89193725585938
1728295848.8972602,/yaw_angle_topic,341.72808837890625
1728295848.8993888,/pitch_angle_topic,355.1541442871094
1728295848.9082036,/roll_angle_topic,98.00302124023438
1728295848.9103794,/yaw_angle_topic,340.321044921875
1728295848.9129207,/pitch_angle_topic,354.9507141113281
1728295848.9208176,/roll_angle_topic,99.28500366210938
1728295848.9234738,/yaw_angle_topic,339.209228515625
1728295848.925645,/pitch_angle_topic,354.82745361328125
1728295848.934451,/roll_angle_topic,100.93942260742188
1728295848.9374444,/yaw_angle_topic,338.9256896972656
1728295848.939447,/pitch_angle_topic,354.7658996582031
1728295848.946572,/roll_angle_topic,102.60418701171875
1728295848.9491582,/yaw_angle_topic,339.131103515625
1728295848.9514692,/pitch_angle_topic,354.80560302734375
1728295848.9608195,/roll_angle_topic,104.11636352539062
1728295848.9634283,/yaw_angle_topic,339.8319091796875
1728295848.9655662,/pitch_angle_topic,354.88555908203125
1728295848.974235,/roll_angle_topic,105.22743225097656
1728295848.9765108,/yaw_angle_topic,340.68194580078125
1728295848.9795227,/pitch_angle_topic,355.1110534667969
1728295848.988686,/roll_angle_topic,105.77323913574219
1728295848.990773,/yaw_angle_topic,340.7997131347656
1728295848.9940946,/pitch_angle_topic,355.41827392578125
1728295849.0006278,/roll_angle_topic,106.1510009765625
1728295849.0035665,/yaw_angle_topic,340.23236083984375
1728295849.0062187,/pitch_angle_topic,355.5389404296875
1728295849.0137272,/roll_angle_topic,106.87744140625
1728295849.0163486,/yaw_angle_topic,339.4856262207031
1728295849.018449,/pitch_angle_topic,355.4543762207031
1728295849.0261908,/roll_angle_topic,108.05183410644531
1728295849.029264,/yaw_angle_topic,338.69549560546875
1728295849.0309904,/pitch_angle_topic,355.33489990234375
1728295849.0404289,/roll_angle_topic,109.47903442382812
1728295849.0426824,/yaw_angle_topic,338.5124816894531
1728295849.045446,/pitch_angle_topic,355.30670166015625
1728295849.053221,/roll_angle_topic,110.9403076171875
1728295849.0560026,/yaw_angle_topic,338.7550048828125
1728295849.058235,/pitch_angle_topic,355.3287048339844
1728295849.065535,/roll_angle_topic,112.31822204589844
1728295849.0684655,/yaw_angle_topic,339.0572814941406
1728295849.0711553,/pitch_angle_topic,355.4411315917969
1728295849.0790029,/roll_angle_topic,113.03695678710938
1728295849.081024,/yaw_angle_topic,339.0953369140625
1728295849.0831828,/pitch_angle_topic,355.47467041015625
1728295849.0921125,/roll_angle_topic,113.29096984863281
1728295849.0945563,/yaw_angle_topic,338.9595031738281
1728295849.0965717,/pitch_angle_topic,355.3841552734375
1728295849.1053228,/roll_angle_topic,112.90707397460938
1728295849.107432,/yaw_angle_topic,338.49688720703125
1728295849.1104662,/pitch_angle_topic,355.3946533203125
1728295849.1192656,/roll_angle_topic,114.55046081542969
1728295849.1221697,/yaw_angle_topic,338.45953369140625
1728295849.1244688,/pitch_angle_topic,354.99432373046875
1728295849.1310468,/roll_angle_topic,117.04486083984375
1728295849.1334984,/yaw_angle_topic,338.1790771484375
1728295849.135761,/pitch_angle_topic,354.603515625
1728295849.145325,/roll_angle_topic,119.93414306640625
1728295849.1475382,/yaw_angle_topic,337.70013427734375
1728295849.149631,/pitch_angle_topic,354.452392578125
1728295849.158062,/roll_angle_topic,121.54237365722656
1728295849.1603465,/yaw_angle_topic,337.4273986816406
1728295849.1635766,/pitch_angle_topic,354.1923828125
1728295849.1722903,/roll_angle_topic,123.09979248046875
1728295849.1742153,/yaw_angle_topic,336.2065734863281
1728295849.1770518,/pitch_angle_topic,353.9051818847656
1728295849.1850715,/roll_angle_topic,125.22445678710938
1728295849.1874049,/yaw_angle_topic,335.58441162109375
1728295849.1898086,/pitch_angle_topic,353.5137939453125
1728295849.1971295,/roll_angle_topic,126.45382690429688
1728295849.199466,/yaw_angle_topic,334.82855224609375
1728295849.2017353,/pitch_angle_topic,353.5367126464844
1728295849.210244,/roll_angle_topic,127.27293395996094
1728295849.2123814,/yaw_angle_topic,333.72613525390625
1728295849.2146301,/pitch_angle_topic,353.7097473144531
1728295849.2241375,/roll_angle_topic,127.93037414550781
1728295849.2282743,/yaw_angle_topic,332.8133544921875
1728295849.2305672,/pitch_angle_topic,353.8643493652344
1728295849.2364516,/roll_angle_topic,128.34449768066406
1728295849.2385867,/yaw_angle_topic,331.7669982910156
1728295849.2408314,/pitch_angle_topic,353.96759033203125
1728295849.2510262,/roll_angle_topic,128.3168487548828
1728295849.2540689,/yaw_angle_topic,331.1930236816406
1728295849.2562704,/pitch_angle_topic,353.84710693359375
1728295849.263437,/roll_angle_topic,128.05661010742188
1728295849.2655618,/yaw_angle_topic,331.3760986328125
1728295849.2675219,/pitch_angle_topic,353.9226989746094
1728295849.2766626,/roll_angle_topic,127.62527465820312
1728295849.278869,/yaw_angle_topic,331.87713623046875
1728295849.2822442,/pitch_angle_topic,354.1347351074219
1728295849.289743,/roll_angle_topic,127.14736938476562
1728295849.2929955,/yaw_angle_topic,332.1076354980469
1728295849.29511,/pitch_angle_topic,354.3965148925781
1728295849.3036988,/roll_angle_topic,126.68756103515625
1728295849.3063915,/yaw_angle_topic,332.2925720214844
1728295849.3092873,/pitch_angle_topic,354.6332702636719
1728295849.3164694,/roll_angle_topic,126.20394897460938
1728295849.3186145,/yaw_angle_topic,332.5071105957031
1728295849.3213706,/pitch_angle_topic,354.8117370605469
1728295849.3300817,/roll_angle_topic,125.79112243652344
1728295849.332223,/yaw_angle_topic,332.6526184082031
1728295849.3343592,/pitch_angle_topic,354.8990478515625
1728295849.3428183,/roll_angle_topic,125.42572021484375
1728295849.3461971,/yaw_angle_topic,332.7321472167969
1728295849.3483949,/pitch_angle_topic,354.8790588378906
1728295849.3560572,/roll_angle_topic,125.01918029785156
1728295849.358264,/yaw_angle_topic,332.7654113769531
1728295849.3610523,/pitch_angle_topic,354.7516784667969
1728295849.368718,/roll_angle_topic,124.63888549804688
1728295849.3718925,/yaw_angle_topic,332.811279296875
1728295849.374132,/pitch_angle_topic,354.58135986328125
1728295849.3826468,/roll_angle_topic,124.20135498046875
1728295849.3846943,/yaw_angle_topic,333.1436462402344
1728295849.3875973,/pitch_angle_topic,354.3910217285156
1728295849.3945222,/roll_angle_topic,123.67814636230469
1728295849.3970063,/yaw_angle_topic,334.1304931640625
1728295849.3991423,/pitch_angle_topic,354.19671630859375
1728295849.40826,/roll_angle_topic,124.4669189453125
1728295849.4112859,/yaw_angle_topic,336.554443359375
1728295849.4136212,/pitch_angle_topic,353.9375
1728295849.4220324,/roll_angle_topic,125.92298889160156
1728295849.4247305,/yaw_angle_topic,339.0765380859375
1728295849.4272053,/pitch_angle_topic,353.54510498046875
1728295849.4347236,/roll_angle_topic,127.682373046875
1728295849.4375408,/yaw_angle_topic,341.1998291015625
1728295849.4396703,/pitch_angle_topic,353.2757873535156
1728295849.4482203,/roll_angle_topic,129.63369750976562
1728295849.4511678,/yaw_angle_topic,341.2353515625
1728295849.4540577,/pitch_angle_topic,353.0271911621094
1728295849.4608986,/roll_angle_topic,129.8705596923828
1728295849.4634256,/yaw_angle_topic,340.4020080566406
1728295849.4655037,/pitch_angle_topic,353.1585693359375
1728295849.4734051,/roll_angle_topic,129.8129119873047
1728295849.4762456,/yaw_angle_topic,339.97686767578125
1728295849.478757,/pitch_angle_topic,353.19171142578125
1728295849.4884832,/roll_angle_topic,129.8969268798828
1728295849.4908273,/yaw_angle_topic,339.71246337890625
1728295849.4931633,/pitch_angle_topic,353.1579284667969
1728295849.5000744,/roll_angle_topic,129.91317749023438
1728295849.5021896,/yaw_angle_topic,339.5314025878906
1728295849.5056229,/pitch_angle_topic,353.1811218261719
1728295849.5137765,/roll_angle_topic,129.94818115234375
1728295849.516039,/yaw_angle_topic,339.3727111816406
1728295849.5182266,/pitch_angle_topic,353.1868896484375
1728295849.5260298,/roll_angle_topic,129.97669982910156
1728295849.5287774,/yaw_angle_topic,339.1913757324219
1728295849.530923,/pitch_angle_topic,353.1567077636719
1728295849.5394642,/roll_angle_topic,130.06008911132812
1728295849.542147,/yaw_angle_topic,338.8997802734375
1728295849.5454752,/pitch_angle_topic,353.114013671875
1728295849.5536258,/roll_angle_topic,129.9281768798828
1728295849.5564542,/yaw_angle_topic,338.87200927734375
1728295849.5591285,/pitch_angle_topic,353.0624084472656
1728295849.566774,/roll_angle_topic,129.75970458984375
1728295849.568893,/yaw_angle_topic,338.82611083984375
1728295849.5715897,/pitch_angle_topic,353.0493469238281
1728295849.5791473,/roll_angle_topic,129.64129638671875
1728295849.581061,/yaw_angle_topic,338.6741943359375
1728295849.5836456,/pitch_angle_topic,353.0606689453125
1728295849.5921886,/roll_angle_topic,129.5851593017578
1728295849.5946698,/yaw_angle_topic,338.5223693847656
1728295849.5969234,/pitch_angle_topic,353.05230712890625
1728295849.606712,/roll_angle_topic,129.5951385498047
1728295849.6087816,/yaw_angle_topic,338.3616943359375
1728295849.6116154,/pitch_angle_topic,353.049560546875
1728295849.619564,/roll_angle_topic,129.61293029785156
1728295849.6217625,/yaw_angle_topic,338.20758056640625
1728295849.624054,/pitch_angle_topic,353.04376220703125
1728295849.6322122,/roll_angle_topic,129.59042358398438
1728295849.6342561,/yaw_angle_topic,338.1156921386719
1728295849.6374636,/pitch_angle_topic,353.04217529296875
1728295849.6455257,/roll_angle_topic,129.56736755371094
1728295849.6477337,/yaw_angle_topic,338.0039367675781
1728295849.6514466,/pitch_angle_topic,353.0395812988281
1728295849.6582873,/roll_angle_topic,129.5553741455078
1728295849.661107,/yaw_angle_topic,337.8835144042969
1728295849.663698,/pitch_angle_topic,353.0395812988281
1728295849.6723106,/roll_angle_topic,129.55531311035156
1728295849.675023,/yaw_angle_topic,337.737548828125
1728295849.677498,/pitch_angle_topic,353.0443115234375
1728295849.6841257,/roll_angle_topic,129.5618438720703
1728295849.6869433,/yaw_angle_topic,337.5882568359375
1728295849.6892178,/pitch_angle_topic,353.05682373046875
1728295849.697176,/roll_angle_topic,129.56825256347656
1728295849.6999364,/yaw_angle_topic,337.4727783203125
1728295849.7019296,/pitch_angle_topic,353.0589904785156
1728295849.711184,/roll_angle_topic,129.5740203857422
1728295849.7133694,/yaw_angle_topic,337.36614990234375
1728295849.7157605,/pitch_angle_topic,353.0574035644531
1728295849.7255604,/roll_angle_topic,129.59571838378906
1728295849.727919,/yaw_angle_topic,337.2281494140625
1728295849.730552,/pitch_angle_topic,353.0601501464844
1728295849.7374802,/roll_angle_topic,129.61679077148438
1728295849.7397447,/yaw_angle_topic,337.099853515625
1728295849.741955,/pitch_angle_topic,353.060791015625
1728295849.7507021,/roll_angle_topic,129.61802673339844
1728295849.7532399,/yaw_angle_topic,336.9884948730469
1728295849.7556233,/pitch_angle_topic,353.0581970214844
1728295849.7638948,/roll_angle_topic,129.62066650390625
1728295849.7661872,/yaw_angle_topic,336.8943176269531
1728295849.768154,/pitch_angle_topic,353.0494384765625
1728295849.777317,/roll_angle_topic,129.640625
1728295849.7798865,/yaw_angle_topic,336.8065185546875
1728295849.7821262,/pitch_angle_topic,353.04229736328125
1728295849.7896378,/roll_angle_topic,129.6612091064453
1728295849.7922883,/yaw_angle_topic,336.7083740234375
1728295849.794964,/pitch_angle_topic,353.0355529785156
1728295849.803406,/roll_angle_topic,129.69859313964844
1728295849.8062718,/yaw_angle_topic,336.5875244140625
1728295849.809569,/pitch_angle_topic,353.0291748046875
1728295849.8170142,/roll_angle_topic,129.7541961669922
1728295849.8188183,/yaw_angle_topic,336.4740905761719
1728295849.8214478,/pitch_angle_topic,353.0184326171875
1728295849.83016,/roll_angle_topic,129.8000946044922
1728295849.8323672,/yaw_angle_topic,336.33209228515625
1728295849.8344817,/pitch_angle_topic,353.0169372558594
1728295849.8426044,/roll_angle_topic,129.81138610839844
1728295849.845103,/yaw_angle_topic,336.2131652832031
1728295849.8471591,/pitch_angle_topic,353.023681640625
1728295849.8568017,/roll_angle_topic,129.8456573486328
1728295849.858741,/yaw_angle_topic,336.10931396484375
1728295849.8623495,/pitch_angle_topic,353.0304260253906
1728295849.8704104,/roll_angle_topic,129.8837432861328
1728295849.873545,/yaw_angle_topic,335.9750671386719
1728295849.8760812,/pitch_angle_topic,353.036376953125
1728295849.8819788,/roll_angle_topic,129.90011596679688
1728295849.8848069,/yaw_angle_topic,335.8830871582031
1728295849.8877804,/pitch_angle_topic,353.03363037109375
1728295849.8945904,/roll_angle_topic,129.91343688964844
1728295849.8970833,/yaw_angle_topic,335.7947998046875
1728295849.899261,/pitch_angle_topic,353.03204345703125
1728295849.9083781,/roll_angle_topic,129.92471313476562
1728295849.911048,/yaw_angle_topic,335.70123291015625
1728295849.9132228,/pitch_angle_topic,353.03436279296875
1728295849.9213054,/roll_angle_topic,129.92311096191406
1728295849.923534,/yaw_angle_topic,335.60858154296875
1728295849.9260843,/pitch_angle_topic,353.0335693359375
1728295849.9348166,/roll_angle_topic,129.9462890625
1728295849.9381738,/yaw_angle_topic,335.5032043457031
1728295849.9406314,/pitch_angle_topic,353.0345458984375
1728295849.9479842,/roll_angle_topic,130.0028839111328
1728295849.9501143,/yaw_angle_topic,335.36968994140625
1728295849.9523256,/pitch_angle_topic,353.0482177734375
1728295849.9611049,/roll_angle_topic,130.06304931640625
1728295849.9636288,/yaw_angle_topic,335.2157897949219
1728295849.9664955,/pitch_angle_topic,353.0629577636719
1728295849.9759378,/roll_angle_topic,130.09510803222656
1728295849.9782183,/yaw_angle_topic,335.1277160644531
1728295849.9808059,/pitch_angle_topic,353.0570068359375
1728295849.988394,/roll_angle_topic,130.13638305664062
1728295849.991903,/yaw_angle_topic,335.046142578125
1728295849.9944873,/pitch_angle_topic,353.0450744628906
1728295850.0003295,/roll_angle_topic,130.12681579589844
1728295850.003674,/yaw_angle_topic,334.9651794433594
1728295850.0058906,/pitch_angle_topic,353.04571533203125
1728295850.0141573,/roll_angle_topic,130.13015747070312
1728295850.0163896,/yaw_angle_topic,334.89129638671875
1728295850.0187385,/pitch_angle_topic,353.049072265625
1728295850.0274882,/roll_angle_topic,130.14173889160156
1728295850.0298884,/yaw_angle_topic,334.81378173828125
1728295850.0321465,/pitch_angle_topic,353.04925537109375
1728295850.040415,/roll_angle_topic,130.15896606445312
1728295850.0428224,/yaw_angle_topic,334.7315979003906
1728295850.0455918,/pitch_angle_topic,353.050537109375
1728295850.0532696,/roll_angle_topic,130.16009521484375
1728295850.0562534,/yaw_angle_topic,334.65789794921875
1728295850.058903,/pitch_angle_topic,353.0509338378906
1728295850.067167,/roll_angle_topic,130.159423828125
